-9.63050,-10.04738,-10.50188,-10.99934,-11.54613,-12.14993,-12.82012,-13.56824,-14.40865,-15.35946,-16.44380,-17.69172,-19.14291,-20.85089,-22.88955,-25.36361,-28.42623,-32.30986,-37.38272,-44.25811,-54.01485,-68.63895,-91.65170,-125.86618,-149.93918,-125.86618,-91.65170,-68.63895,-54.01485,-44.25811,-37.38272,-32.30986,-28.42623,-25.36361,-22.88955,-20.85089,-19.14291,-17.69172,-16.44380,-15.35946,-14.40865,-13.56824,-12.82012,-12.14993,-11.54613,-10.99934,-10.50188,-10.04738,-9.63050
-9.55526,-9.96888,-10.41984,-10.91341,-11.45592,-12.05500,-12.71996,-13.46223,-14.29608,-15.23946,-16.31533,-17.55350,-18.99335,-20.68800,-22.71073,-25.16545,-28.20415,-32.05743,-37.09067,-43.91234,-53.59286,-68.10271,-90.93567,-124.88285,-148.76778,-124.88285,-90.93567,-68.10271,-53.59286,-43.91234,-37.09067,-32.05743,-28.20415,-25.16545,-22.71073,-20.68800,-18.99335,-17.55350,-16.31533,-15.23946,-14.29608,-13.46223,-12.71996,-12.05500,-11.45592,-10.91341,-10.41984,-9.96888,-9.55526
-9.48002,-9.89039,-10.33779,-10.82748,-11.36572,-11.96008,-12.61980,-13.35623,-14.18351,-15.11946,-16.18686,-17.41528,-18.84380,-20.52510,-22.53190,-24.96730,-27.98207,-31.80501,-36.79861,-43.56657,-53.17087,-67.56646,-90.21964,-123.89952,-147.59638,-123.89952,-90.21964,-67.56646,-53.17087,-43.56657,-36.79861,-31.80501,-27.98207,-24.96730,-22.53190,-20.52510,-18.84380,-17.41528,-16.18686,-15.11946,-14.18351,-13.35623,-12.61980,-11.96008,-11.36572,-10.82748,-10.33779,-9.89039,-9.48002
-9.40479,-9.81189,-10.25575,-10.74155,-11.27551,-11.86516,-12.51964,-13.25023,-14.07094,-14.99947,-16.05840,-17.27707,-18.69424,-20.36220,-22.35308,-24.76915,-27.75999,-31.55259,-36.50656,-43.22081,-52.74888,-67.03022,-89.50362,-122.91619,-146.42498,-122.91619,-89.50362,-67.03022,-52.74888,-43.22081,-36.50656,-31.55259,-27.75999,-24.76915,-22.35308,-20.36220,-18.69424,-17.27707,-16.05840,-14.99947,-14.07094,-13.25023,-12.51964,-11.86516,-11.27551,-10.74155,-10.25575,-9.81189,-9.40479
-9.32955,-9.73340,-10.17370,-10.65561,-11.18531,-11.77024,-12.41949,-13.14423,-13.95838,-14.87947,-15.92993,-17.13885,-18.54469,-20.19930,-22.17425,-24.57099,-27.53791,-31.30017,-36.21451,-42.87504,-52.32689,-66.49398,-88.78759,-121.93286,-145.25358,-121.93286,-88.78759,-66.49398,-52.32689,-42.87504,-36.21451,-31.30017,-27.53791,-24.57099,-22.17425,-20.19930,-18.54469,-17.13885,-15.92993,-14.87947,-13.95838,-13.14423,-12.41949,-11.77024,-11.18531,-10.65561,-10.17370,-9.73340,-9.32955
-9.25431,-9.65490,-10.09165,-10.56968,-11.09511,-11.67532,-12.31933,-13.03823,-13.84581,-14.75948,-15.80146,-17.00063,-18.39514,-20.03641,-21.99543,-24.37284,-27.31583,-31.04775,-35.92246,-42.52927,-51.90490,-65.95774,-88.07156,-120.94953,-144.08218,-120.94953,-88.07156,-65.95774,-51.90490,-42.52927,-35.92246,-31.04775,-27.31583,-24.37284,-21.99543,-20.03641,-18.39514,-17.00063,-15.80146,-14.75948,-13.84581,-13.03823,-12.31933,-11.67532,-11.09511,-10.56968,-10.09165,-9.65490,-9.25431
-9.17907,-9.57641,-10.00961,-10.48375,-11.00490,-11.58040,-12.21917,-12.93222,-13.73324,-14.63948,-15.67300,-16.86242,-18.24558,-19.87351,-21.81660,-24.17469,-27.09375,-30.79533,-35.63040,-42.18351,-51.48290,-65.42150,-87.35553,-119.96621,-142.91078,-119.96621,-87.35553,-65.42150,-51.48290,-42.18351,-35.63040,-30.79533,-27.09375,-24.17469,-21.81660,-19.87351,-18.24558,-16.86242,-15.67300,-14.63948,-13.73324,-12.93222,-12.21917,-11.58040,-11.00490,-10.48375,-10.00961,-9.57641,-9.17907
-9.10383,-9.49791,-9.92756,-10.39782,-10.91470,-11.48548,-12.11902,-12.82622,-13.62067,-14.51949,-15.54453,-16.72420,-18.09603,-19.71061,-21.63778,-23.97653,-26.87167,-30.54291,-35.33835,-41.83774,-51.06091,-64.88526,-86.63950,-118.98288,-141.73938,-118.98288,-86.63950,-64.88526,-51.06091,-41.83774,-35.33835,-30.54291,-26.87167,-23.97653,-21.63778,-19.71061,-18.09603,-16.72420,-15.54453,-14.51949,-13.62067,-12.82622,-12.11902,-11.48548,-10.91470,-10.39782,-9.92756,-9.49791,-9.10383
-9.02859,-9.41942,-9.84552,-10.31188,-10.82449,-11.39056,-12.01886,-12.72022,-13.50811,-14.39949,-15.41606,-16.58598,-17.94647,-19.54771,-21.45896,-23.77838,-26.64959,-30.29049,-35.04630,-41.49197,-50.63892,-64.34901,-85.92347,-117.99955,-140.56798,-117.99955,-85.92347,-64.34901,-50.63892,-41.49197,-35.04630,-30.29049,-26.64959,-23.77838,-21.45896,-19.54771,-17.94647,-16.58598,-15.41606,-14.39949,-13.50811,-12.72022,-12.01886,-11.39056,-10.82449,-10.31188,-9.84552,-9.41942,-9.02859
-8.95336,-9.34092,-9.76347,-10.22595,-10.73429,-11.29563,-11.91870,-12.61422,-13.39554,-14.27949,-15.28759,-16.44777,-17.79692,-19.38482,-21.28013,-23.58023,-26.42751,-30.03807,-34.75425,-41.14621,-50.21693,-63.81277,-85.20744,-117.01622,-139.39658,-117.01622,-85.20744,-63.81277,-50.21693,-41.14621,-34.75425,-30.03807,-26.42751,-23.58023,-21.28013,-19.38482,-17.79692,-16.44777,-15.28759,-14.27949,-13.39554,-12.61422,-11.91870,-11.29563,-10.73429,-10.22595,-9.76347,-9.34092,-8.95336
-8.87812,-9.26243,-9.68142,-10.14002,-10.64408,-11.20071,-11.81854,-12.50822,-13.28297,-14.15950,-15.15913,-16.30955,-17.64737,-19.22192,-21.10131,-23.38207,-26.20543,-29.78565,-34.46219,-40.80044,-49.79494,-63.27653,-84.49141,-116.03289,-138.22518,-116.03289,-84.49141,-63.27653,-49.79494,-40.80044,-34.46219,-29.78565,-26.20543,-23.38207,-21.10131,-19.22192,-17.64737,-16.30955,-15.15913,-14.15950,-13.28297,-12.50822,-11.81854,-11.20071,-10.64408,-10.14002,-9.68142,-9.26243,-8.87812
-8.80288,-9.18393,-9.59938,-10.05409,-10.55388,-11.10579,-11.71839,-12.40222,-13.17040,-14.03950,-15.03066,-16.17134,-17.49781,-19.05902,-20.92248,-23.18392,-25.98335,-29.53323,-34.17014,-40.45467,-49.37295,-62.74029,-83.77538,-115.04956,-137.05378,-115.04956,-83.77538,-62.74029,-49.37295,-40.45467,-34.17014,-29.53323,-25.98335,-23.18392,-20.92248,-19.05902,-17.49781,-16.17134,-15.03066,-14.03950,-13.17040,-12.40222,-11.71839,-11.10579,-10.55388,-10.05409,-9.59938,-9.18393,-8.80288
-8.72764,-9.10543,-9.51733,-9.96815,-10.46368,-11.01087,-11.61823,-12.29621,-13.05784,-13.91951,-14.90219,-16.03312,-17.34826,-18.89612,-20.74366,-22.98577,-25.76127,-29.28081,-33.87809,-40.10891,-48.95096,-62.20405,-83.05936,-114.06623,-135.88238,-114.06623,-83.05936,-62.20405,-48.95096,-40.10891,-33.87809,-29.28081,-25.76127,-22.98577,-20.74366,-18.89612,-17.34826,-16.03312,-14.90219,-13.91951,-13.05784,-12.29621,-11.61823,-11.01087,-10.46368,-9.96815,-9.51733,-9.10543,-8.72764
-8.65240,-9.02694,-9.43529,-9.88222,-10.37347,-10.91595,-11.51807,-12.19021,-12.94527,-13.79951,-14.77373,-15.89490,-17.19870,-18.73323,-20.56483,-22.78761,-25.53919,-29.02839,-33.58604,-39.76314,-48.52897,-61.66781,-82.34333,-113.08290,-134.71098,-113.08290,-82.34333,-61.66781,-48.52897,-39.76314,-33.58604,-29.02839,-25.53919,-22.78761,-20.56483,-18.73323,-17.19870,-15.89490,-14.77373,-13.79951,-12.94527,-12.19021,-11.51807,-10.91595,-10.37347,-9.88222,-9.43529,-9.02694,-8.65240
-8.57716,-8.94844,-9.35324,-9.79629,-10.28327,-10.82103,-11.41792,-12.08421,-12.83270,-13.67952,-14.64526,-15.75669,-17.04915,-18.57033,-20.38601,-22.58946,-25.31711,-28.77597,-33.29398,-39.41738,-48.10698,-61.13156,-81.62730,-112.09957,-133.53958,-112.09957,-81.62730,-61.13156,-48.10698,-39.41738,-33.29398,-28.77597,-25.31711,-22.58946,-20.38601,-18.57033,-17.04915,-15.75669,-14.64526,-13.67952,-12.83270,-12.08421,-11.41792,-10.82103,-10.28327,-9.79629,-9.35324,-8.94844,-8.57716
-8.50193,-8.86995,-9.27119,-9.71036,-10.19306,-10.72611,-11.31776,-11.97821,-12.72013,-13.55952,-14.51679,-15.61847,-16.89960,-18.40743,-20.20718,-22.39131,-25.09503,-28.52354,-33.00193,-39.07161,-47.68498,-60.59532,-80.91127,-111.11624,-132.36818,-111.11624,-80.91127,-60.59532,-47.68498,-39.07161,-33.00193,-28.52354,-25.09503,-22.39131,-20.20718,-18.40743,-16.89960,-15.61847,-14.51679,-13.55952,-12.72013,-11.97821,-11.31776,-10.72611,-10.19306,-9.71036,-9.27119,-8.86995,-8.50193
-8.42669,-8.79145,-9.18915,-9.62442,-10.10286,-10.63118,-11.21760,-11.87221,-12.60757,-13.43952,-14.38832,-15.48025,-16.75004,-18.24453,-20.02836,-22.19315,-24.87295,-28.27112,-32.70988,-38.72584,-47.26299,-60.05908,-80.19524,-110.13291,-131.19678,-110.13291,-80.19524,-60.05908,-47.26299,-38.72584,-32.70988,-28.27112,-24.87295,-22.19315,-20.02836,-18.24453,-16.75004,-15.48025,-14.38832,-13.43952,-12.60757,-11.87221,-11.21760,-10.63118,-10.10286,-9.62442,-9.18915,-8.79145,-8.42669
-8.35145,-8.71296,-9.10710,-9.53849,-10.01266,-10.53626,-11.11744,-11.76620,-12.49500,-13.31953,-14.25986,-15.34204,-16.60049,-18.08163,-19.84953,-21.99500,-24.65087,-28.01870,-32.41783,-38.38008,-46.84100,-59.52284,-79.47921,-109.14958,-130.02538,-109.14958,-79.47921,-59.52284,-46.84100,-38.38008,-32.41783,-28.01870,-24.65087,-21.99500,-19.84953,-18.08163,-16.60049,-15.34204,-14.25986,-13.31953,-12.49500,-11.76620,-11.11744,-10.53626,-10.01266,-9.53849,-9.10710,-8.71296,-8.35145
-8.27621,-8.63446,-9.02506,-9.45256,-9.92245,-10.44134,-11.01729,-11.66020,-12.38243,-13.19953,-14.13139,-15.20382,-16.45094,-17.91874,-19.67071,-21.79685,-24.42879,-27.76628,-32.12577,-38.03431,-46.41901,-58.98660,-78.76318,-108.16625,-128.85398,-108.16625,-78.76318,-58.98660,-46.41901,-38.03431,-32.12577,-27.76628,-24.42879,-21.79685,-19.67071,-17.91874,-16.45094,-15.20382,-14.13139,-13.19953,-12.38243,-11.66020,-11.01729,-10.44134,-9.92245,-9.45256,-9.02506,-8.63446,-8.27621
-8.20097,-8.55597,-8.94301,-9.36663,-9.83225,-10.34642,-10.91713,-11.55420,-12.26986,-13.07954,-14.00292,-15.06560,-16.30138,-17.75584,-19.49188,-21.59869,-24.20671,-27.51386,-31.83372,-37.68854,-45.99702,-58.45035,-78.04715,-107.18292,-127.68258,-107.18292,-78.04715,-58.45035,-45.99702,-37.68854,-31.83372,-27.51386,-24.20671,-21.59869,-19.49188,-17.75584,-16.30138,-15.06560,-14.00292,-13.07954,-12.26986,-11.55420,-10.91713,-10.34642,-9.83225,-9.36663,-8.94301,-8.55597,-8.20097
-8.12573,-8.47747,-8.86096,-9.28070,-9.74204,-10.25150,-10.81697,-11.44820,-12.15730,-12.95954,-13.87446,-14.92739,-16.15183,-17.59294,-19.31306,-21.40054,-23.98463,-27.26144,-31.54167,-37.34278,-45.57503,-57.91411,-77.33112,-106.19959,-126.51118,-106.19959,-77.33112,-57.91411,-45.57503,-37.34278,-31.54167,-27.26144,-23.98463,-21.40054,-19.31306,-17.59294,-16.15183,-14.92739,-13.87446,-12.95954,-12.15730,-11.44820,-10.81697,-10.25150,-9.74204,-9.28070,-8.86096,-8.47747,-8.12573
-8.05050,-8.39898,-8.77892,-9.19476,-9.65184,-10.15658,-10.71682,-11.34220,-12.04473,-12.83955,-13.74599,-14.78917,-16.00227,-17.43004,-19.13424,-21.20239,-23.76255,-27.00902,-31.24962,-36.99701,-45.15304,-57.37787,-76.61510,-105.21626,-125.33978,-105.21626,-76.61510,-57.37787,-45.15304,-36.99701,-31.24962,-27.00902,-23.76255,-21.20239,-19.13424,-17.43004,-16.00227,-14.78917,-13.74599,-12.83955,-12.04473,-11.34220,-10.71682,-10.15658,-9.65184,-9.19476,-8.77892,-8.39898,-8.05050
-7.97526,-8.32048,-8.69687,-9.10883,-9.56164,-10.06166,-10.61666,-11.23619,-11.93216,-12.71955,-13.61752,-14.65095,-15.85272,-17.26715,-18.95541,-21.00424,-23.54047,-26.75660,-30.95756,-36.65124,-44.73105,-56.84163,-75.89907,-104.23293,-124.16838,-104.23293,-75.89907,-56.84163,-44.73105,-36.65124,-30.95756,-26.75660,-23.54047,-21.00424,-18.95541,-17.26715,-15.85272,-14.65095,-13.61752,-12.71955,-11.93216,-11.23619,-10.61666,-10.06166,-9.56164,-9.10883,-8.69687,-8.32048,-7.97526
-7.90002,-8.24199,-8.61483,-9.02290,-9.47143,-9.96674,-10.51650,-11.13019,-11.81959,-12.59955,-13.48905,-14.51274,-15.70317,-17.10425,-18.77659,-20.80608,-23.31839,-26.50418,-30.66551,-36.30548,-44.30906,-56.30539,-75.18304,-103.24960,-122.99698,-103.24960,-75.18304,-56.30539,-44.30906,-36.30548,-30.66551,-26.50418,-23.31839,-20.80608,-18.77659,-17.10425,-15.70317,-14.51274,-13.48905,-12.59955,-11.81959,-11.13019,-10.51650,-9.96674,-9.47143,-9.02290,-8.61483,-8.24199,-7.90002
-7.82478,-8.16349,-8.53278,-8.93697,-9.38123,-9.87181,-10.41634,-11.02419,-11.70703,-12.47956,-13.36059,-14.37452,-15.55361,-16.94135,-18.59776,-20.60793,-23.09631,-26.25176,-30.37346,-35.95971,-43.88707,-55.76915,-74.46701,-102.26627,-121.82558,-102.26627,-74.46701,-55.76915,-43.88707,-35.95971,-30.37346,-26.25176,-23.09631,-20.60793,-18.59776,-16.94135,-15.55361,-14.37452,-13.36059,-12.47956,-11.70703,-11.02419,-10.41634,-9.87181,-9.38123,-8.93697,-8.53278,-8.16349,-7.82478
-7.74954,-8.08500,-8.45073,-8.85103,-9.29102,-9.77689,-10.31619,-10.91819,-11.59446,-12.35956,-13.23212,-14.23630,-15.40406,-16.77845,-18.41894,-20.40978,-22.87423,-25.99934,-30.08141,-35.61394,-43.46507,-55.23290,-73.75098,-101.28294,-120.65418,-101.28294,-73.75098,-55.23290,-43.46507,-35.61394,-30.08141,-25.99934,-22.87423,-20.40978,-18.41894,-16.77845,-15.40406,-14.23630,-13.23212,-12.35956,-11.59446,-10.91819,-10.31619,-9.77689,-9.29102,-8.85103,-8.45073,-8.08500,-7.74954
-7.67430,-8.00650,-8.36869,-8.76510,-9.20082,-9.68197,-10.21603,-10.81219,-11.48189,-12.23957,-13.10365,-14.09809,-15.25450,-16.61556,-18.24011,-20.21162,-22.65215,-25.74692,-29.78935,-35.26818,-43.04308,-54.69666,-73.03495,-100.29961,-119.48278,-100.29961,-73.03495,-54.69666,-43.04308,-35.26818,-29.78935,-25.74692,-22.65215,-20.21162,-18.24011,-16.61556,-15.25450,-14.09809,-13.10365,-12.23957,-11.48189,-10.81219,-10.21603,-9.68197,-9.20082,-8.76510,-8.36869,-8.00650,-7.67430
-7.59907,-7.92801,-8.28664,-8.67917,-9.11062,-9.58705,-10.11587,-10.70619,-11.36932,-12.11957,-12.97519,-13.95987,-15.10495,-16.45266,-18.06129,-20.01347,-22.43007,-25.49450,-29.49730,-34.92241,-42.62109,-54.16042,-72.31892,-99.31628,-118.31138,-99.31628,-72.31892,-54.16042,-42.62109,-34.92241,-29.49730,-25.49450,-22.43007,-20.01347,-18.06129,-16.45266,-15.10495,-13.95987,-12.97519,-12.11957,-11.36932,-10.70619,-10.11587,-9.58705,-9.11062,-8.67917,-8.28664,-7.92801,-7.59907
-7.52383,-7.84951,-8.20460,-8.59324,-9.02041,-9.49213,-10.01572,-10.60018,-11.25676,-11.99957,-12.84672,-13.82165,-14.95540,-16.28976,-17.88246,-19.81532,-22.20799,-25.24207,-29.20525,-34.57664,-42.19910,-53.62418,-71.60289,-98.33296,-117.13998,-98.33296,-71.60289,-53.62418,-42.19910,-34.57664,-29.20525,-25.24207,-22.20799,-19.81532,-17.88246,-16.28976,-14.95540,-13.82165,-12.84672,-11.99957,-11.25676,-10.60018,-10.01572,-9.49213,-9.02041,-8.59324,-8.20460,-7.84951,-7.52383
-7.44859,-7.77102,-8.12255,-8.50730,-8.93021,-9.39721,-9.91556,-10.49418,-11.14419,-11.87958,-12.71825,-13.68344,-14.80584,-16.12686,-17.70364,-19.61716,-21.98591,-24.98965,-28.91320,-34.23088,-41.77711,-53.08794,-70.88686,-97.34963,-115.96858,-97.34963,-70.88686,-53.08794,-41.77711,-34.23088,-28.91320,-24.98965,-21.98591,-19.61716,-17.70364,-16.12686,-14.80584,-13.68344,-12.71825,-11.87958,-11.14419,-10.49418,-9.91556,-9.39721,-8.93021,-8.50730,-8.12255,-7.77102,-7.44859
-7.37335,-7.69252,-8.04050,-8.42137,-8.84000,-9.30229,-9.81540,-10.38818,-11.03162,-11.75958,-12.58978,-13.54522,-14.65629,-15.96397,-17.52481,-19.41901,-21.76383,-24.73723,-28.62114,-33.88511,-41.35512,-52.55169,-70.17083,-96.36630,-114.79718,-96.36630,-70.17083,-52.55169,-41.35512,-33.88511,-28.62114,-24.73723,-21.76383,-19.41901,-17.52481,-15.96397,-14.65629,-13.54522,-12.58978,-11.75958,-11.03162,-10.38818,-9.81540,-9.30229,-8.84000,-8.42137,-8.04050,-7.69252,-7.37335
-7.29811,-7.61403,-7.95846,-8.33544,-8.74980,-9.20737,-9.71524,-10.28218,-10.91905,-11.63959,-12.46132,-13.40700,-14.50673,-15.80107,-17.34599,-19.22086,-21.54175,-24.48481,-28.32909,-33.53935,-40.93313,-52.01545,-69.45481,-95.38297,-113.62578,-95.38297,-69.45481,-52.01545,-40.93313,-33.53935,-28.32909,-24.48481,-21.54175,-19.22086,-17.34599,-15.80107,-14.50673,-13.40700,-12.46132,-11.63959,-10.91905,-10.28218,-9.71524,-9.20737,-8.74980,-8.33544,-7.95846,-7.61403,-7.29811
-7.22288,-7.53553,-7.87641,-8.24951,-8.65959,-9.11244,-9.61509,-10.17618,-10.80649,-11.51959,-12.33285,-13.26879,-14.35718,-15.63817,-17.16716,-19.02270,-21.31967,-24.23239,-28.03704,-33.19358,-40.51114,-51.47921,-68.73878,-94.39964,-112.45438,-94.39964,-68.73878,-51.47921,-40.51114,-33.19358,-28.03704,-24.23239,-21.31967,-19.02270,-17.16716,-15.63817,-14.35718,-13.26879,-12.33285,-11.51959,-10.80649,-10.17618,-9.61509,-9.11244,-8.65959,-8.24951,-7.87641,-7.53553,-7.22288
-7.14764,-7.45704,-7.79437,-8.16357,-8.56939,-9.01752,-9.51493,-10.07017,-10.69392,-11.39960,-12.20438,-13.13057,-14.20763,-15.47527,-16.98834,-18.82455,-21.09759,-23.97997,-27.74499,-32.84781,-40.08915,-50.94297,-68.02275,-93.41631,-111.28298,-93.41631,-68.02275,-50.94297,-40.08915,-32.84781,-27.74499,-23.97997,-21.09759,-18.82455,-16.98834,-15.47527,-14.20763,-13.13057,-12.20438,-11.39960,-10.69392,-10.07017,-9.51493,-9.01752,-8.56939,-8.16357,-7.79437,-7.45704,-7.14764
-7.07240,-7.37854,-7.71232,-8.07764,-8.47919,-8.92260,-9.41477,-9.96417,-10.58135,-11.27960,-12.07592,-12.99235,-14.05807,-15.31238,-16.80952,-18.62640,-20.87551,-23.72755,-27.45293,-32.50205,-39.66716,-50.40673,-67.30672,-92.43298,-110.11158,-92.43298,-67.30672,-50.40673,-39.66716,-32.50205,-27.45293,-23.72755,-20.87551,-18.62640,-16.80952,-15.31238,-14.05807,-12.99235,-12.07592,-11.27960,-10.58135,-9.96417,-9.41477,-8.92260,-8.47919,-8.07764,-7.71232,-7.37854,-7.07240
-6.99716,-7.30005,-7.63027,-7.99171,-8.38898,-8.82768,-9.31462,-9.85817,-10.46878,-11.15960,-11.94745,-12.85414,-13.90852,-15.14948,-16.63069,-18.42824,-20.65343,-23.47513,-27.16088,-32.15628,-39.24516,-49.87049,-66.59069,-91.44965,-108.94018,-91.44965,-66.59069,-49.87049,-39.24516,-32.15628,-27.16088,-23.47513,-20.65343,-18.42824,-16.63069,-15.14948,-13.90852,-12.85414,-11.94745,-11.15960,-10.46878,-9.85817,-9.31462,-8.82768,-8.38898,-7.99171,-7.63027,-7.30005,-6.99716
-6.92192,-7.22155,-7.54823,-7.90578,-8.29878,-8.73276,-9.21446,-9.75217,-10.35622,-11.03961,-11.81898,-12.71592,-13.75896,-14.98658,-16.45187,-18.23009,-20.43135,-23.22271,-26.86883,-31.81051,-38.82317,-49.33424,-65.87466,-90.46632,-107.76878,-90.46632,-65.87466,-49.33424,-38.82317,-31.81051,-26.86883,-23.22271,-20.43135,-18.23009,-16.45187,-14.98658,-13.75896,-12.71592,-11.81898,-11.03961,-10.35622,-9.75217,-9.21446,-8.73276,-8.29878,-7.90578,-7.54823,-7.22155,-6.92192
-6.84668,-7.14306,-7.46618,-7.81985,-8.20857,-8.63784,-9.11430,-9.64617,-10.24365,-10.91961,-11.69051,-12.57771,-13.60941,-14.82368,-16.27304,-18.03194,-20.20927,-22.97029,-26.57678,-31.46475,-38.40118,-48.79800,-65.15863,-89.48299,-106.59738,-89.48299,-65.15863,-48.79800,-38.40118,-31.46475,-26.57678,-22.97029,-20.20927,-18.03194,-16.27304,-14.82368,-13.60941,-12.57771,-11.69051,-10.91961,-10.24365,-9.64617,-9.11430,-8.63784,-8.20857,-7.81985,-7.46618,-7.14306,-6.84668
-6.77145,-7.06456,-7.38414,-7.73391,-8.11837,-8.54292,-9.01414,-9.54017,-10.13108,-10.79962,-11.56205,-12.43949,-13.45986,-14.66078,-16.09422,-17.83378,-19.98719,-22.71787,-26.28472,-31.11898,-37.97919,-48.26176,-64.44260,-88.49966,-105.42598,-88.49966,-64.44260,-48.26176,-37.97919,-31.11898,-26.28472,-22.71787,-19.98719,-17.83378,-16.09422,-14.66078,-13.45986,-12.43949,-11.56205,-10.79962,-10.13108,-9.54017,-9.01414,-8.54292,-8.11837,-7.73391,-7.38414,-7.06456,-6.77145
-6.69621,-6.98607,-7.30209,-7.64798,-8.02817,-8.44800,-8.91399,-9.43416,-10.01851,-10.67962,-11.43358,-12.30127,-13.31030,-14.49789,-15.91539,-17.63563,-19.76511,-22.46545,-25.99267,-30.77321,-37.55720,-47.72552,-63.72657,-87.51633,-104.25458,-87.51633,-63.72657,-47.72552,-37.55720,-30.77321,-25.99267,-22.46545,-19.76511,-17.63563,-15.91539,-14.49789,-13.31030,-12.30127,-11.43358,-10.67962,-10.01851,-9.43416,-8.91399,-8.44800,-8.02817,-7.64798,-7.30209,-6.98607,-6.69621
-6.62097,-6.90757,-7.22004,-7.56205,-7.93796,-8.35307,-8.81383,-9.32816,-9.90594,-10.55963,-11.30511,-12.16306,-13.16075,-14.33499,-15.73657,-17.43748,-19.54303,-22.21303,-25.70062,-30.42745,-37.13521,-47.18928,-63.01055,-86.53300,-103.08319,-86.53300,-63.01055,-47.18928,-37.13521,-30.42745,-25.70062,-22.21303,-19.54303,-17.43748,-15.73657,-14.33499,-13.16075,-12.16306,-11.30511,-10.55963,-9.90594,-9.32816,-8.81383,-8.35307,-7.93796,-7.56205,-7.22004,-6.90757,-6.62097
-6.54573,-6.82908,-7.13800,-7.47612,-7.84776,-8.25815,-8.71367,-9.22216,-9.79338,-10.43963,-11.17664,-12.02484,-13.01119,-14.17209,-15.55774,-17.23933,-19.32095,-21.96060,-25.40857,-30.08168,-36.71322,-46.65304,-62.29452,-85.54967,-101.91179,-85.54967,-62.29452,-46.65304,-36.71322,-30.08168,-25.40857,-21.96060,-19.32095,-17.23933,-15.55774,-14.17209,-13.01119,-12.02484,-11.17664,-10.43963,-9.79338,-9.22216,-8.71367,-8.25815,-7.84776,-7.47612,-7.13800,-6.82908,-6.54573
-6.47049,-6.75058,-7.05595,-7.39018,-7.75755,-8.16323,-8.61352,-9.11616,-9.68081,-10.31963,-11.04818,-11.88662,-12.86164,-14.00919,-15.37892,-17.04117,-19.09887,-21.70818,-25.11651,-29.73591,-36.29123,-46.11679,-61.57849,-84.56634,-100.74039,-84.56634,-61.57849,-46.11679,-36.29123,-29.73591,-25.11651,-21.70818,-19.09887,-17.04117,-15.37892,-14.00919,-12.86164,-11.88662,-11.04818,-10.31963,-9.68081,-9.11616,-8.61352,-8.16323,-7.75755,-7.39018,-7.05595,-6.75058,-6.47049
-6.39525,-6.67209,-6.97391,-7.30425,-7.66735,-8.06831,-8.51336,-9.01016,-9.56824,-10.19964,-10.91971,-11.74841,-12.71209,-13.84630,-15.20009,-16.84302,-18.87679,-21.45576,-24.82446,-29.39015,-35.86924,-45.58055,-60.86246,-83.58301,-99.56899,-83.58301,-60.86246,-45.58055,-35.86924,-29.39015,-24.82446,-21.45576,-18.87679,-16.84302,-15.20009,-13.84630,-12.71209,-11.74841,-10.91971,-10.19964,-9.56824,-9.01016,-8.51336,-8.06831,-7.66735,-7.30425,-6.97391,-6.67209,-6.39525
-6.32002,-6.59359,-6.89186,-7.21832,-7.57715,-7.97339,-8.41320,-8.90415,-9.45567,-10.07964,-10.79124,-11.61019,-12.56253,-13.68340,-15.02127,-16.64487,-18.65471,-21.20334,-24.53241,-29.04438,-35.44725,-45.04431,-60.14643,-82.59968,-98.39759,-82.59968,-60.14643,-45.04431,-35.44725,-29.04438,-24.53241,-21.20334,-18.65471,-16.64487,-15.02127,-13.68340,-12.56253,-11.61019,-10.79124,-10.07964,-9.45567,-8.90415,-8.41320,-7.97339,-7.57715,-7.21832,-6.89186,-6.59359,-6.32002
-6.24478,-6.51510,-6.80982,-7.13239,-7.48694,-7.87847,-8.31304,-8.79815,-9.34311,-9.95965,-10.66278,-11.47197,-12.41298,-13.52050,-14.84244,-16.44671,-18.43263,-20.95092,-24.24036,-28.69862,-35.02525,-44.50807,-59.43040,-81.61635,-97.22619,-81.61635,-59.43040,-44.50807,-35.02525,-28.69862,-24.24036,-20.95092,-18.43263,-16.44671,-14.84244,-13.52050,-12.41298,-11.47197,-10.66278,-9.95965,-9.34311,-8.79815,-8.31304,-7.87847,-7.48694,-7.13239,-6.80982,-6.51510,-6.24478
-6.16954,-6.43660,-6.72777,-7.04645,-7.39674,-7.78355,-8.21289,-8.69215,-9.23054,-9.83965,-10.53431,-11.33376,-12.26342,-13.35760,-14.66362,-16.24856,-18.21055,-20.69850,-23.94830,-28.35285,-34.60326,-43.97183,-58.71437,-80.63302,-96.05479,-80.63302,-58.71437,-43.97183,-34.60326,-28.35285,-23.94830,-20.69850,-18.21055,-16.24856,-14.66362,-13.35760,-12.26342,-11.33376,-10.53431,-9.83965,-9.23054,-8.69215,-8.21289,-7.78355,-7.39674,-7.04645,-6.72777,-6.43660,-6.16954
-6.09430,-6.35811,-6.64572,-6.96052,-7.30653,-7.68862,-8.11273,-8.58615,-9.11797,-9.71966,-10.40584,-11.19554,-12.11387,-13.19471,-14.48480,-16.05041,-17.98847,-20.44608,-23.65625,-28.00708,-34.18127,-43.43558,-57.99834,-79.64969,-94.88339,-79.64969,-57.99834,-43.43558,-34.18127,-28.00708,-23.65625,-20.44608,-17.98847,-16.05041,-14.48480,-13.19471,-12.11387,-11.19554,-10.40584,-9.71966,-9.11797,-8.58615,-8.11273,-7.68862,-7.30653,-6.96052,-6.64572,-6.35811,-6.09430
-6.01906,-6.27961,-6.56368,-6.87459,-7.21633,-7.59370,-8.01257,-8.48015,-9.00540,-9.59966,-10.27737,-11.05732,-11.96432,-13.03181,-14.30597,-15.85225,-17.76639,-20.19366,-23.36420,-27.66132,-33.75928,-42.89934,-57.28231,-78.66636,-93.71199,-78.66636,-57.28231,-42.89934,-33.75928,-27.66132,-23.36420,-20.19366,-17.76639,-15.85225,-14.30597,-13.03181,-11.96432,-11.05732,-10.27737,-9.59966,-9.00540,-8.48015,-8.01257,-7.59370,-7.21633,-6.87459,-6.56368,-6.27961,-6.01906
-5.94382,-6.20112,-6.48163,-6.78866,-7.12612,-7.49878,-7.91242,-8.37415,-8.89284,-9.47966,-10.14891,-10.91911,-11.81476,-12.86891,-14.12715,-15.65410,-17.54431,-19.94124,-23.07215,-27.31555,-33.33729,-42.36310,-56.56629,-77.68303,-92.54059,-77.68303,-56.56629,-42.36310,-33.33729,-27.31555,-23.07215,-19.94124,-17.54431,-15.65410,-14.12715,-12.86891,-11.81476,-10.91911,-10.14891,-9.47966,-8.89284,-8.37415,-7.91242,-7.49878,-7.12612,-6.78866,-6.48163,-6.20112,-5.94382
-5.86859,-6.12262,-6.39959,-6.70272,-7.03592,-7.40386,-7.81226,-8.26814,-8.78027,-9.35967,-10.02044,-10.78089,-11.66521,-12.70601,-13.94832,-15.45595,-17.32223,-19.68882,-22.78009,-26.96978,-32.91530,-41.82686,-55.85026,-76.69971,-91.36919,-76.69971,-55.85026,-41.82686,-32.91530,-26.96978,-22.78009,-19.68882,-17.32223,-15.45595,-13.94832,-12.70601,-11.66521,-10.78089,-10.02044,-9.35967,-8.78027,-8.26814,-7.81226,-7.40386,-7.03592,-6.70272,-6.39959,-6.12262,-5.86859
-5.79335,-6.04412,-6.31754,-6.61679,-6.94572,-7.30894,-7.71210,-8.16214,-8.66770,-9.23967,-9.89197,-10.64267,-11.51565,-12.54312,-13.76950,-15.25779,-17.10015,-19.43640,-22.48804,-26.62402,-32.49331,-41.29062,-55.13423,-75.71638,-90.19779,-75.71638,-55.13423,-41.29062,-32.49331,-26.62402,-22.48804,-19.43640,-17.10015,-15.25779,-13.76950,-12.54312,-11.51565,-10.64267,-9.89197,-9.23967,-8.66770,-8.16214,-7.71210,-7.30894,-6.94572,-6.61679,-6.31754,-6.04412,-5.79335
-5.71811,-5.96563,-6.23549,-6.53086,-6.85551,-7.21402,-7.61194,-8.05614,-8.55513,-9.11968,-9.76351,-10.50446,-11.36610,-12.38022,-13.59067,-15.05964,-16.87807,-19.18398,-22.19599,-26.27825,-32.07132,-40.75438,-54.41820,-74.73305,-89.02639,-74.73305,-54.41820,-40.75438,-32.07132,-26.27825,-22.19599,-19.18398,-16.87807,-15.05964,-13.59067,-12.38022,-11.36610,-10.50446,-9.76351,-9.11968,-8.55513,-8.05614,-7.61194,-7.21402,-6.85551,-6.53086,-6.23549,-5.96563,-5.71811
-5.64287,-5.88713,-6.15345,-6.44493,-6.76531,-7.11910,-7.51179,-7.95014,-8.44257,-8.99968,-9.63504,-10.36624,-11.21655,-12.21732,-13.41185,-14.86149,-16.65599,-18.93156,-21.90394,-25.93248,-31.64933,-40.21813,-53.70217,-73.74972,-87.85499,-73.74972,-53.70217,-40.21813,-31.64933,-25.93248,-21.90394,-18.93156,-16.65599,-14.86149,-13.41185,-12.21732,-11.21655,-10.36624,-9.63504,-8.99968,-8.44257,-7.95014,-7.51179,-7.11910,-6.76531,-6.44493,-6.15345,-5.88713,-5.64287
-5.56763,-5.80864,-6.07140,-6.35900,-6.67510,-7.02418,-7.41163,-7.84414,-8.33000,-8.87969,-9.50657,-10.22802,-11.06699,-12.05442,-13.23302,-14.66333,-16.43391,-18.67914,-21.61188,-25.58672,-31.22734,-39.68189,-52.98614,-72.76639,-86.68359,-72.76639,-52.98614,-39.68189,-31.22734,-25.58672,-21.61188,-18.67914,-16.43391,-14.66333,-13.23302,-12.05442,-11.06699,-10.22802,-9.50657,-8.87969,-8.33000,-7.84414,-7.41163,-7.02418,-6.67510,-6.35900,-6.07140,-5.80864,-5.56763
-5.49239,-5.73014,-5.98936,-6.27306,-6.58490,-6.92925,-7.31147,-7.73813,-8.21743,-8.75969,-9.37810,-10.08981,-10.91744,-11.89153,-13.05420,-14.46518,-16.21183,-18.42671,-21.31983,-25.24095,-30.80534,-39.14565,-52.27011,-71.78306,-85.51219,-71.78306,-52.27011,-39.14565,-30.80534,-25.24095,-21.31983,-18.42671,-16.21183,-14.46518,-13.05420,-11.89153,-10.91744,-10.08981,-9.37810,-8.75969,-8.21743,-7.73813,-7.31147,-6.92925,-6.58490,-6.27306,-5.98936,-5.73014,-5.49239
-5.41716,-5.65165,-5.90731,-6.18713,-6.49470,-6.83433,-7.21132,-7.63213,-8.10486,-8.63969,-9.24964,-9.95159,-10.76788,-11.72863,-12.87537,-14.26703,-15.98975,-18.17429,-21.02778,-24.89518,-30.38335,-38.60941,-51.55408,-70.79973,-84.34079,-70.79973,-51.55408,-38.60941,-30.38335,-24.89518,-21.02778,-18.17429,-15.98975,-14.26703,-12.87537,-11.72863,-10.76788,-9.95159,-9.24964,-8.63969,-8.10486,-7.63213,-7.21132,-6.83433,-6.49470,-6.18713,-5.90731,-5.65165,-5.41716
-5.34192,-5.57315,-5.82526,-6.10120,-6.40449,-6.73941,-7.11116,-7.52613,-7.99230,-8.51970,-9.12117,-9.81337,-10.61833,-11.56573,-12.69655,-14.06887,-15.76767,-17.92187,-20.73573,-24.54942,-29.96136,-38.07317,-50.83805,-69.81640,-83.16939,-69.81640,-50.83805,-38.07317,-29.96136,-24.54942,-20.73573,-17.92187,-15.76767,-14.06887,-12.69655,-11.56573,-10.61833,-9.81337,-9.12117,-8.51970,-7.99230,-7.52613,-7.11116,-6.73941,-6.40449,-6.10120,-5.82526,-5.57315,-5.34192
-5.26668,-5.49466,-5.74322,-6.01527,-6.31429,-6.64449,-7.01100,-7.42013,-7.87973,-8.39970,-8.99270,-9.67516,-10.46878,-11.40283,-12.51772,-13.87072,-15.54559,-17.66945,-20.44367,-24.20365,-29.53937,-37.53692,-50.12202,-68.83307,-81.99799,-68.83307,-50.12202,-37.53692,-29.53937,-24.20365,-20.44367,-17.66945,-15.54559,-13.87072,-12.51772,-11.40283,-10.46878,-9.67516,-8.99270,-8.39970,-7.87973,-7.42013,-7.01100,-6.64449,-6.31429,-6.01527,-5.74322,-5.49466,-5.26668
-5.19144,-5.41616,-5.66117,-5.92933,-6.22408,-6.54957,-6.91084,-7.31413,-7.76716,-8.27971,-8.86424,-9.53694,-10.31922,-11.23994,-12.33890,-13.67257,-15.32351,-17.41703,-20.15162,-23.85788,-29.11738,-37.00068,-49.40600,-67.84974,-80.82659,-67.84974,-49.40600,-37.00068,-29.11738,-23.85788,-20.15162,-17.41703,-15.32351,-13.67257,-12.33890,-11.23994,-10.31922,-9.53694,-8.86424,-8.27971,-7.76716,-7.31413,-6.91084,-6.54957,-6.22408,-5.92933,-5.66117,-5.41616,-5.19144
-5.11620,-5.33767,-5.57913,-5.84340,-6.13388,-6.45465,-6.81069,-7.20812,-7.65459,-8.15971,-8.73577,-9.39872,-10.16967,-11.07704,-12.16007,-13.47442,-15.10143,-17.16461,-19.85957,-23.51212,-28.69539,-36.46444,-48.68997,-66.86641,-79.65519,-66.86641,-48.68997,-36.46444,-28.69539,-23.51212,-19.85957,-17.16461,-15.10143,-13.47442,-12.16007,-11.07704,-10.16967,-9.39872,-8.73577,-8.15971,-7.65459,-7.20812,-6.81069,-6.45465,-6.13388,-5.84340,-5.57913,-5.33767,-5.11620
-5.04097,-5.25917,-5.49708,-5.75747,-6.04368,-6.35973,-6.71053,-7.10212,-7.54203,-8.03972,-8.60730,-9.26051,-10.02012,-10.91414,-11.98125,-13.27626,-14.87935,-16.91219,-19.56752,-23.16635,-28.27340,-35.92820,-47.97394,-65.88308,-78.48379,-65.88308,-47.97394,-35.92820,-28.27340,-23.16635,-19.56752,-16.91219,-14.87935,-13.27626,-11.98125,-10.91414,-10.02012,-9.26051,-8.60730,-8.03972,-7.54203,-7.10212,-6.71053,-6.35973,-6.04368,-5.75747,-5.49708,-5.25917,-5.04097
-4.96573,-5.18068,-5.41503,-5.67154,-5.95347,-6.26481,-6.61037,-6.99612,-7.42946,-7.91972,-8.47883,-9.12229,-9.87056,-10.75124,-11.80243,-13.07811,-14.65727,-16.65977,-19.27546,-22.82059,-27.85141,-35.39196,-47.25791,-64.89975,-77.31239,-64.89975,-47.25791,-35.39196,-27.85141,-22.82059,-19.27546,-16.65977,-14.65727,-13.07811,-11.80243,-10.75124,-9.87056,-9.12229,-8.47883,-7.91972,-7.42946,-6.99612,-6.61037,-6.26481,-5.95347,-5.67154,-5.41503,-5.18068,-4.96573
-4.89049,-5.10218,-5.33299,-5.58560,-5.86327,-6.16988,-6.51022,-6.89012,-7.31689,-7.79972,-8.35037,-8.98408,-9.72101,-10.58834,-11.62360,-12.87996,-14.43519,-16.40735,-18.98341,-22.47482,-27.42942,-34.85572,-46.54188,-63.91642,-76.14099,-63.91642,-46.54188,-34.85572,-27.42942,-22.47482,-18.98341,-16.40735,-14.43519,-12.87996,-11.62360,-10.58834,-9.72101,-8.98408,-8.35037,-7.79972,-7.31689,-6.89012,-6.51022,-6.16988,-5.86327,-5.58560,-5.33299,-5.10218,-4.89049
-4.81525,-5.02369,-5.25094,-5.49967,-5.77306,-6.07496,-6.41006,-6.78412,-7.20432,-7.67973,-8.22190,-8.84586,-9.57145,-10.42545,-11.44478,-12.68180,-14.21311,-16.15493,-18.69136,-22.12905,-27.00743,-34.31947,-45.82585,-62.93309,-74.96959,-62.93309,-45.82585,-34.31947,-27.00743,-22.12905,-18.69136,-16.15493,-14.21311,-12.68180,-11.44478,-10.42545,-9.57145,-8.84586,-8.22190,-7.67973,-7.20432,-6.78412,-6.41006,-6.07496,-5.77306,-5.49967,-5.25094,-5.02369,-4.81525
-4.74001,-4.94519,-5.16890,-5.41374,-5.68286,-5.98004,-6.30990,-6.67812,-7.09176,-7.55973,-8.09343,-8.70764,-9.42190,-10.26255,-11.26595,-12.48365,-13.99103,-15.90251,-18.39931,-21.78329,-26.58543,-33.78323,-45.10982,-61.94976,-73.79819,-61.94976,-45.10982,-33.78323,-26.58543,-21.78329,-18.39931,-15.90251,-13.99103,-12.48365,-11.26595,-10.26255,-9.42190,-8.70764,-8.09343,-7.55973,-7.09176,-6.67812,-6.30990,-5.98004,-5.68286,-5.41374,-5.16890,-4.94519,-4.74001
-4.66477,-4.86670,-5.08685,-5.32781,-5.59265,-5.88512,-6.20974,-6.57211,-6.97919,-7.43974,-7.96497,-8.56943,-9.27235,-10.09965,-11.08713,-12.28550,-13.76895,-15.65009,-18.10725,-21.43752,-26.16344,-33.24699,-44.39379,-60.96643,-72.62679,-60.96643,-44.39379,-33.24699,-26.16344,-21.43752,-18.10725,-15.65009,-13.76895,-12.28550,-11.08713,-10.09965,-9.27235,-8.56943,-7.96497,-7.43974,-6.97919,-6.57211,-6.20974,-5.88512,-5.59265,-5.32781,-5.08685,-4.86670,-4.66477
-4.58954,-4.78820,-5.00480,-5.24187,-5.50245,-5.79020,-6.10959,-6.46611,-6.86662,-7.31974,-7.83650,-8.43121,-9.12279,-9.93675,-10.90830,-12.08734,-13.54687,-15.39767,-17.81520,-21.09175,-25.74145,-32.71075,-43.67776,-59.98310,-71.45539,-59.98310,-43.67776,-32.71075,-25.74145,-21.09175,-17.81520,-15.39767,-13.54687,-12.08734,-10.90830,-9.93675,-9.12279,-8.43121,-7.83650,-7.31974,-6.86662,-6.46611,-6.10959,-5.79020,-5.50245,-5.24187,-5.00480,-4.78820,-4.58954
-4.51430,-4.70971,-4.92276,-5.15594,-5.41225,-5.69528,-6.00943,-6.36011,-6.75405,-7.19974,-7.70803,-8.29299,-8.97324,-9.77386,-10.72948,-11.88919,-13.32479,-15.14524,-17.52315,-20.74599,-25.31946,-32.17451,-42.96174,-58.99977,-70.28399,-58.99977,-42.96174,-32.17451,-25.31946,-20.74599,-17.52315,-15.14524,-13.32479,-11.88919,-10.72948,-9.77386,-8.97324,-8.29299,-7.70803,-7.19974,-6.75405,-6.36011,-6.00943,-5.69528,-5.41225,-5.15594,-4.92276,-4.70971,-4.51430
-4.43906,-4.63121,-4.84071,-5.07001,-5.32204,-5.60036,-5.90927,-6.25411,-6.64149,-7.07975,-7.57956,-8.15478,-8.82368,-9.61096,-10.55065,-11.69104,-13.10271,-14.89282,-17.23110,-20.40022,-24.89747,-31.63827,-42.24571,-58.01644,-69.11259,-58.01644,-42.24571,-31.63827,-24.89747,-20.40022,-17.23110,-14.89282,-13.10271,-11.69104,-10.55065,-9.61096,-8.82368,-8.15478,-7.57956,-7.07975,-6.64149,-6.25411,-5.90927,-5.60036,-5.32204,-5.07001,-4.84071,-4.63121,-4.43906
-4.36382,-4.55272,-4.75867,-4.98408,-5.23184,-5.50544,-5.80912,-6.14811,-6.52892,-6.95975,-7.45110,-8.01656,-8.67413,-9.44806,-10.37183,-11.49288,-12.88063,-14.64040,-16.93904,-20.05445,-24.47548,-31.10202,-41.52968,-57.03311,-67.94119,-57.03311,-41.52968,-31.10202,-24.47548,-20.05445,-16.93904,-14.64040,-12.88063,-11.49288,-10.37183,-9.44806,-8.67413,-8.01656,-7.45110,-6.95975,-6.52892,-6.14811,-5.80912,-5.50544,-5.23184,-4.98408,-4.75867,-4.55272,-4.36382
-4.28858,-4.47422,-4.67662,-4.89814,-5.14163,-5.41051,-5.70896,-6.04210,-6.41635,-6.83976,-7.32263,-7.87834,-8.52458,-9.28516,-10.19300,-11.29473,-12.65856,-14.38798,-16.64699,-19.70869,-24.05349,-30.56578,-40.81365,-56.04978,-66.76979,-56.04978,-40.81365,-30.56578,-24.05349,-19.70869,-16.64699,-14.38798,-12.65856,-11.29473,-10.19300,-9.28516,-8.52458,-7.87834,-7.32263,-6.83976,-6.41635,-6.04210,-5.70896,-5.41051,-5.14163,-4.89814,-4.67662,-4.47422,-4.28858
-4.21334,-4.39573,-4.59457,-4.81221,-5.05143,-5.31559,-5.60880,-5.93610,-6.30378,-6.71976,-7.19416,-7.74013,-8.37502,-9.12227,-10.01418,-11.09658,-12.43648,-14.13556,-16.35494,-19.36292,-23.63150,-30.02954,-40.09762,-55.06645,-65.59839,-55.06645,-40.09762,-30.02954,-23.63150,-19.36292,-16.35494,-14.13556,-12.43648,-11.09658,-10.01418,-9.12227,-8.37502,-7.74013,-7.19416,-6.71976,-6.30378,-5.93610,-5.60880,-5.31559,-5.05143,-4.81221,-4.59457,-4.39573,-4.21334
-4.13811,-4.31723,-4.51253,-4.72628,-4.96123,-5.22067,-5.50864,-5.83010,-6.19122,-6.59977,-7.06569,-7.60191,-8.22547,-8.95937,-9.83535,-10.89842,-12.21440,-13.88314,-16.06289,-19.01715,-23.20951,-29.49330,-39.38159,-54.08313,-64.42699,-54.08313,-39.38159,-29.49330,-23.20951,-19.01715,-16.06289,-13.88314,-12.21440,-10.89842,-9.83535,-8.95937,-8.22547,-7.60191,-7.06569,-6.59977,-6.19122,-5.83010,-5.50864,-5.22067,-4.96123,-4.72628,-4.51253,-4.31723,-4.13811
-4.06287,-4.23874,-4.43048,-4.64035,-4.87102,-5.12575,-5.40849,-5.72410,-6.07865,-6.47977,-6.93723,-7.46369,-8.07591,-8.79647,-9.65653,-10.70027,-11.99232,-13.63072,-15.77083,-18.67139,-22.78751,-28.95706,-38.66556,-53.09980,-63.25559,-53.09980,-38.66556,-28.95706,-22.78751,-18.67139,-15.77083,-13.63072,-11.99232,-10.70027,-9.65653,-8.79647,-8.07591,-7.46369,-6.93723,-6.47977,-6.07865,-5.72410,-5.40849,-5.12575,-4.87102,-4.64035,-4.43048,-4.23874,-4.06287
-3.98763,-4.16024,-4.34844,-4.55442,-4.78082,-5.03083,-5.30833,-5.61810,-5.96608,-6.35977,-6.80876,-7.32548,-7.92636,-8.63357,-9.47771,-10.50212,-11.77024,-13.37830,-15.47878,-18.32562,-22.36552,-28.42081,-37.94953,-52.11647,-62.08419,-52.11647,-37.94953,-28.42081,-22.36552,-18.32562,-15.47878,-13.37830,-11.77024,-10.50212,-9.47771,-8.63357,-7.92636,-7.32548,-6.80876,-6.35977,-5.96608,-5.61810,-5.30833,-5.03083,-4.78082,-4.55442,-4.34844,-4.16024,-3.98763
-3.91239,-4.08175,-4.26639,-4.46848,-4.69061,-4.93591,-5.20817,-5.51210,-5.85351,-6.23978,-6.68029,-7.18726,-7.77681,-8.47068,-9.29888,-10.30396,-11.54816,-13.12588,-15.18673,-17.97986,-21.94353,-27.88457,-37.23350,-51.13314,-60.91279,-51.13314,-37.23350,-27.88457,-21.94353,-17.97986,-15.18673,-13.12588,-11.54816,-10.30396,-9.29888,-8.47068,-7.77681,-7.18726,-6.68029,-6.23978,-5.85351,-5.51210,-5.20817,-4.93591,-4.69061,-4.46848,-4.26639,-4.08175,-3.91239
-3.83715,-4.00325,-4.18434,-4.38255,-4.60041,-4.84099,-5.10801,-5.40609,-5.74095,-6.11978,-6.55183,-7.04904,-7.62725,-8.30778,-9.12006,-10.10581,-11.32608,-12.87346,-14.89468,-17.63409,-21.52154,-27.34833,-36.51748,-50.14981,-59.74139,-50.14981,-36.51748,-27.34833,-21.52154,-17.63409,-14.89468,-12.87346,-11.32608,-10.10581,-9.12006,-8.30778,-7.62725,-7.04904,-6.55183,-6.11978,-5.74095,-5.40609,-5.10801,-4.84099,-4.60041,-4.38255,-4.18434,-4.00325,-3.83715
-3.76191,-3.92476,-4.10230,-4.29662,-4.51021,-4.74606,-5.00786,-5.30009,-5.62838,-5.99979,-6.42336,-6.91083,-7.47770,-8.14488,-8.94123,-9.90766,-11.10400,-12.62104,-14.60262,-17.28832,-21.09955,-26.81209,-35.80145,-49.16648,-58.56999,-49.16648,-35.80145,-26.81209,-21.09955,-17.28832,-14.60262,-12.62104,-11.10400,-9.90766,-8.94123,-8.14488,-7.47770,-6.91083,-6.42336,-5.99979,-5.62838,-5.30009,-5.00786,-4.74606,-4.51021,-4.29662,-4.10230,-3.92476,-3.76191
-3.68668,-3.84626,-4.02025,-4.21069,-4.42000,-4.65114,-4.90770,-5.19409,-5.51581,-5.87979,-6.29489,-6.77261,-7.32814,-7.98198,-8.76241,-9.70951,-10.88192,-12.36862,-14.31057,-16.94256,-20.67756,-26.27585,-35.08542,-48.18315,-57.39859,-48.18315,-35.08542,-26.27585,-20.67756,-16.94256,-14.31057,-12.36862,-10.88192,-9.70951,-8.76241,-7.98198,-7.32814,-6.77261,-6.29489,-5.87979,-5.51581,-5.19409,-4.90770,-4.65114,-4.42000,-4.21069,-4.02025,-3.84626,-3.68668
-3.61144,-3.76777,-3.93821,-4.12475,-4.32980,-4.55622,-4.80754,-5.08809,-5.40324,-5.75980,-6.16642,-6.63439,-7.17859,-7.81909,-8.58358,-9.51135,-10.65984,-12.11620,-14.01852,-16.59679,-20.25557,-25.73961,-34.36939,-47.19982,-56.22719,-47.19982,-34.36939,-25.73961,-20.25557,-16.59679,-14.01852,-12.11620,-10.65984,-9.51135,-8.58358,-7.81909,-7.17859,-6.63439,-6.16642,-5.75980,-5.40324,-5.08809,-4.80754,-4.55622,-4.32980,-4.12475,-3.93821,-3.76777,-3.61144
-3.53620,-3.68927,-3.85616,-4.03882,-4.23959,-4.46130,-4.70739,-4.98209,-5.29068,-5.63980,-6.03796,-6.49618,-7.02904,-7.65619,-8.40476,-9.31320,-10.43776,-11.86378,-13.72647,-16.25102,-19.83358,-25.20336,-33.65336,-46.21649,-55.05579,-46.21649,-33.65336,-25.20336,-19.83358,-16.25102,-13.72647,-11.86378,-10.43776,-9.31320,-8.40476,-7.65619,-7.02904,-6.49618,-6.03796,-5.63980,-5.29068,-4.98209,-4.70739,-4.46130,-4.23959,-4.03882,-3.85616,-3.68927,-3.53620
-3.46096,-3.61078,-3.77411,-3.95289,-4.14939,-4.36638,-4.60723,-4.87608,-5.17811,-5.51980,-5.90949,-6.35796,-6.87948,-7.49329,-8.22593,-9.11505,-10.21568,-11.61135,-13.43441,-15.90526,-19.41159,-24.66712,-32.93733,-45.23316,-53.88439,-45.23316,-32.93733,-24.66712,-19.41159,-15.90526,-13.43441,-11.61135,-10.21568,-9.11505,-8.22593,-7.49329,-6.87948,-6.35796,-5.90949,-5.51980,-5.17811,-4.87608,-4.60723,-4.36638,-4.14939,-3.95289,-3.77411,-3.61078,-3.46096
-3.38572,-3.53228,-3.69207,-3.86696,-4.05918,-4.27146,-4.50707,-4.77008,-5.06554,-5.39981,-5.78102,-6.21974,-6.72993,-7.33039,-8.04711,-8.91689,-9.99360,-11.35893,-13.14236,-15.55949,-18.98960,-24.13088,-32.22130,-44.24983,-52.71299,-44.24983,-32.22130,-24.13088,-18.98960,-15.55949,-13.14236,-11.35893,-9.99360,-8.91689,-8.04711,-7.33039,-6.72993,-6.21974,-5.78102,-5.39981,-5.06554,-4.77008,-4.50707,-4.27146,-4.05918,-3.86696,-3.69207,-3.53228,-3.38572
-3.31048,-3.45379,-3.61002,-3.78102,-3.96898,-4.17654,-4.40691,-4.66408,-4.95297,-5.27981,-5.65256,-6.08153,-6.58037,-7.16749,-7.86828,-8.71874,-9.77152,-11.10651,-12.85031,-15.21372,-18.56760,-23.59464,-31.50527,-43.26650,-51.54159,-43.26650,-31.50527,-23.59464,-18.56760,-15.21372,-12.85031,-11.10651,-9.77152,-8.71874,-7.86828,-7.16749,-6.58037,-6.08153,-5.65256,-5.27981,-4.95297,-4.66408,-4.40691,-4.17654,-3.96898,-3.78102,-3.61002,-3.45379,-3.31048
-3.23525,-3.37529,-3.52798,-3.69509,-3.87878,-4.08162,-4.30676,-4.55808,-4.84040,-5.15982,-5.52409,-5.94331,-6.43082,-7.00460,-7.68946,-8.52059,-9.54944,-10.85409,-12.55826,-14.86796,-18.14561,-23.05840,-30.78924,-42.28317,-50.37019,-42.28317,-30.78924,-23.05840,-18.14561,-14.86796,-12.55826,-10.85409,-9.54944,-8.52059,-7.68946,-7.00460,-6.43082,-5.94331,-5.52409,-5.15982,-4.84040,-4.55808,-4.30676,-4.08162,-3.87878,-3.69509,-3.52798,-3.37529,-3.23525
-3.16001,-3.29680,-3.44593,-3.60916,-3.78857,-3.98669,-4.20660,-4.45208,-4.72784,-5.03982,-5.39562,-5.80509,-6.28127,-6.84170,-7.51063,-8.32243,-9.32736,-10.60167,-12.26620,-14.52219,-17.72362,-22.52215,-30.07321,-41.29984,-49.19879,-41.29984,-30.07321,-22.52215,-17.72362,-14.52219,-12.26620,-10.60167,-9.32736,-8.32243,-7.51063,-6.84170,-6.28127,-5.80509,-5.39562,-5.03982,-4.72784,-4.45208,-4.20660,-3.98669,-3.78857,-3.60916,-3.44593,-3.29680,-3.16001
-3.08477,-3.21830,-3.36388,-3.52323,-3.69837,-3.89177,-4.10644,-4.34608,-4.61527,-4.91983,-5.26715,-5.66688,-6.13171,-6.67880,-7.33181,-8.12428,-9.10528,-10.34925,-11.97415,-14.17642,-17.30163,-21.98591,-29.35719,-40.31651,-48.02739,-40.31651,-29.35719,-21.98591,-17.30163,-14.17642,-11.97415,-10.34925,-9.10528,-8.12428,-7.33181,-6.67880,-6.13171,-5.66688,-5.26715,-4.91983,-4.61527,-4.34608,-4.10644,-3.89177,-3.69837,-3.52323,-3.36388,-3.21830,-3.08477
-3.00953,-3.13981,-3.28184,-3.43729,-3.60816,-3.79685,-4.00629,-4.24007,-4.50270,-4.79983,-5.13869,-5.52866,-5.98216,-6.51590,-7.15299,-7.92613,-8.88320,-10.09683,-11.68210,-13.83066,-16.87964,-21.44967,-28.64116,-39.33318,-46.85599,-39.33318,-28.64116,-21.44967,-16.87964,-13.83066,-11.68210,-10.09683,-8.88320,-7.92613,-7.15299,-6.51590,-5.98216,-5.52866,-5.13869,-4.79983,-4.50270,-4.24007,-4.00629,-3.79685,-3.60816,-3.43729,-3.28184,-3.13981,-3.00953
-2.93429,-3.06131,-3.19979,-3.35136,-3.51796,-3.70193,-3.90613,-4.13407,-4.39013,-4.67983,-5.01022,-5.39045,-5.83260,-6.35301,-6.97416,-7.72797,-8.66112,-9.84441,-11.39005,-13.48489,-16.45765,-20.91343,-27.92513,-38.34985,-45.68459,-38.34985,-27.92513,-20.91343,-16.45765,-13.48489,-11.39005,-9.84441,-8.66112,-7.72797,-6.97416,-6.35301,-5.83260,-5.39045,-5.01022,-4.67983,-4.39013,-4.13407,-3.90613,-3.70193,-3.51796,-3.35136,-3.19979,-3.06131,-2.93429
-2.85905,-2.98281,-3.11775,-3.26543,-3.42776,-3.60701,-3.80597,-4.02807,-4.27757,-4.55984,-4.88175,-5.25223,-5.68305,-6.19011,-6.79534,-7.52982,-8.43904,-9.59199,-11.09799,-13.13913,-16.03566,-20.37719,-27.20910,-37.36652,-44.51319,-37.36652,-27.20910,-20.37719,-16.03566,-13.13913,-11.09799,-9.59199,-8.43904,-7.52982,-6.79534,-6.19011,-5.68305,-5.25223,-4.88175,-4.55984,-4.27757,-4.02807,-3.80597,-3.60701,-3.42776,-3.26543,-3.11775,-2.98281,-2.85905
-2.78382,-2.90432,-3.03570,-3.17950,-3.33755,-3.51209,-3.70581,-3.92207,-4.16500,-4.43984,-4.75329,-5.11401,-5.53350,-6.02721,-6.61651,-7.33167,-8.21696,-9.33957,-10.80594,-12.79336,-15.61367,-19.84095,-26.49307,-36.38319,-43.34179,-36.38319,-26.49307,-19.84095,-15.61367,-12.79336,-10.80594,-9.33957,-8.21696,-7.33167,-6.61651,-6.02721,-5.53350,-5.11401,-4.75329,-4.43984,-4.16500,-3.92207,-3.70581,-3.51209,-3.33755,-3.17950,-3.03570,-2.90432,-2.78382
-2.70858,-2.82582,-2.95365,-3.09357,-3.24735,-3.41717,-3.60566,-3.81607,-4.05243,-4.31985,-4.62482,-4.97580,-5.38394,-5.86431,-6.43769,-7.13351,-7.99488,-9.08715,-10.51389,-12.44759,-15.19168,-19.30470,-25.77704,-35.39986,-42.17039,-35.39986,-25.77704,-19.30470,-15.19168,-12.44759,-10.51389,-9.08715,-7.99488,-7.13351,-6.43769,-5.86431,-5.38394,-4.97580,-4.62482,-4.31985,-4.05243,-3.81607,-3.60566,-3.41717,-3.24735,-3.09357,-2.95365,-2.82582,-2.70858
-2.63334,-2.74733,-2.87161,-3.00763,-3.15714,-3.32225,-3.50550,-3.71006,-3.93986,-4.19985,-4.49635,-4.83758,-5.23439,-5.70142,-6.25886,-6.93536,-7.77280,-8.83473,-10.22184,-12.10183,-14.76969,-18.76846,-25.06101,-34.41653,-40.99899,-34.41653,-25.06101,-18.76846,-14.76969,-12.10183,-10.22184,-8.83473,-7.77280,-6.93536,-6.25886,-5.70142,-5.23439,-4.83758,-4.49635,-4.19985,-3.93986,-3.71006,-3.50550,-3.32225,-3.15714,-3.00763,-2.87161,-2.74733,-2.63334
-2.55810,-2.66883,-2.78956,-2.92170,-3.06694,-3.22732,-3.40534,-3.60406,-3.82730,-4.07986,-4.36788,-4.69936,-5.08483,-5.53852,-6.08004,-6.73721,-7.55072,-8.58231,-9.92978,-11.75606,-14.34769,-18.23222,-24.34498,-33.43320,-39.82759,-33.43320,-24.34498,-18.23222,-14.34769,-11.75606,-9.92978,-8.58231,-7.55072,-6.73721,-6.08004,-5.53852,-5.08483,-4.69936,-4.36788,-4.07986,-3.82730,-3.60406,-3.40534,-3.22732,-3.06694,-2.92170,-2.78956,-2.66883,-2.55810
-2.48286,-2.59034,-2.70752,-2.83577,-2.97674,-3.13240,-3.30519,-3.49806,-3.71473,-3.95986,-4.23942,-4.56115,-4.93528,-5.37562,-5.90121,-6.53905,-7.32864,-8.32988,-9.63773,-11.41029,-13.92570,-17.69598,-23.62895,-32.44988,-38.65619,-32.44988,-23.62895,-17.69598,-13.92570,-11.41029,-9.63773,-8.32988,-7.32864,-6.53905,-5.90121,-5.37562,-4.93528,-4.56115,-4.23942,-3.95986,-3.71473,-3.49806,-3.30519,-3.13240,-2.97674,-2.83577,-2.70752,-2.59034,-2.48286
-2.40763,-2.51184,-2.62547,-2.74984,-2.88653,-3.03748,-3.20503,-3.39206,-3.60216,-3.83986,-4.11095,-4.42293,-4.78573,-5.21272,-5.72239,-6.34090,-7.10656,-8.07746,-9.34568,-11.06453,-13.50371,-17.15974,-22.91293,-31.46655,-37.48479,-31.46655,-22.91293,-17.15974,-13.50371,-11.06453,-9.34568,-8.07746,-7.10656,-6.34090,-5.72239,-5.21272,-4.78573,-4.42293,-4.11095,-3.83986,-3.60216,-3.39206,-3.20503,-3.03748,-2.88653,-2.74984,-2.62547,-2.51184,-2.40763
-2.33239,-2.43335,-2.54342,-2.66390,-2.79633,-2.94256,-3.10487,-3.28606,-3.48959,-3.71987,-3.98248,-4.28471,-4.63617,-5.04983,-5.54356,-6.14275,-6.88448,-7.82504,-9.05363,-10.71876,-13.08172,-16.62350,-22.19690,-30.48322,-36.31339,-30.48322,-22.19690,-16.62350,-13.08172,-10.71876,-9.05363,-7.82504,-6.88448,-6.14275,-5.54356,-5.04983,-4.63617,-4.28471,-3.98248,-3.71987,-3.48959,-3.28606,-3.10487,-2.94256,-2.79633,-2.66390,-2.54342,-2.43335,-2.33239
-2.25715,-2.35485,-2.46138,-2.57797,-2.70612,-2.84764,-3.00471,-3.18006,-3.37703,-3.59987,-3.85402,-4.14650,-4.48662,-4.88693,-5.36474,-5.94459,-6.66240,-7.57262,-8.76157,-10.37299,-12.65973,-16.08725,-21.48087,-29.49989,-35.14199,-29.49989,-21.48087,-16.08725,-12.65973,-10.37299,-8.76157,-7.57262,-6.66240,-5.94459,-5.36474,-4.88693,-4.48662,-4.14650,-3.85402,-3.59987,-3.37703,-3.18006,-3.00471,-2.84764,-2.70612,-2.57797,-2.46138,-2.35485,-2.25715
-2.18191,-2.27636,-2.37933,-2.49204,-2.61592,-2.75272,-2.90456,-3.07405,-3.26446,-3.47988,-3.72555,-4.00828,-4.33706,-4.72403,-5.18591,-5.74644,-6.44032,-7.32020,-8.46952,-10.02723,-12.23774,-15.55101,-20.76484,-28.51656,-33.97060,-28.51656,-20.76484,-15.55101,-12.23774,-10.02723,-8.46952,-7.32020,-6.44032,-5.74644,-5.18591,-4.72403,-4.33706,-4.00828,-3.72555,-3.47988,-3.26446,-3.07405,-2.90456,-2.75272,-2.61592,-2.49204,-2.37933,-2.27636,-2.18191
-2.10667,-2.19786,-2.29729,-2.40611,-2.52572,-2.65780,-2.80440,-2.96805,-3.15189,-3.35988,-3.59708,-3.87006,-4.18751,-4.56113,-5.00709,-5.54829,-6.21824,-7.06778,-8.17747,-9.68146,-11.81575,-15.01477,-20.04881,-27.53323,-32.79920,-27.53323,-20.04881,-15.01477,-11.81575,-9.68146,-8.17747,-7.06778,-6.21824,-5.54829,-5.00709,-4.56113,-4.18751,-3.87006,-3.59708,-3.35988,-3.15189,-2.96805,-2.80440,-2.65780,-2.52572,-2.40611,-2.29729,-2.19786,-2.10667
-2.03143,-2.11937,-2.21524,-2.32017,-2.43551,-2.56287,-2.70424,-2.86205,-3.03932,-3.23989,-3.46861,-3.73185,-4.03796,-4.39824,-4.82827,-5.35014,-5.99616,-6.81536,-7.88542,-9.33569,-11.39376,-14.47853,-19.33278,-26.54990,-31.62780,-26.54990,-19.33278,-14.47853,-11.39376,-9.33569,-7.88542,-6.81536,-5.99616,-5.35014,-4.82827,-4.39824,-4.03796,-3.73185,-3.46861,-3.23989,-3.03932,-2.86205,-2.70424,-2.56287,-2.43551,-2.32017,-2.21524,-2.11937,-2.03143
-1.95620,-2.04087,-2.13320,-2.23424,-2.34531,-2.46795,-2.60409,-2.75605,-2.92676,-3.11989,-3.34015,-3.59363,-3.88840,-4.23534,-4.64944,-5.15198,-5.77408,-6.56294,-7.59336,-8.98993,-10.97177,-13.94229,-18.61675,-25.56657,-30.45640,-25.56657,-18.61675,-13.94229,-10.97177,-8.98993,-7.59336,-6.56294,-5.77408,-5.15198,-4.64944,-4.23534,-3.88840,-3.59363,-3.34015,-3.11989,-2.92676,-2.75605,-2.60409,-2.46795,-2.34531,-2.23424,-2.13320,-2.04087,-1.95620
-1.88096,-1.96238,-2.05115,-2.14831,-2.25510,-2.37303,-2.50393,-2.65005,-2.81419,-2.99989,-3.21168,-3.45541,-3.73885,-4.07244,-4.47062,-4.95383,-5.55200,-6.31052,-7.30131,-8.64416,-10.54978,-13.40604,-17.90072,-24.58324,-29.28500,-24.58324,-17.90072,-13.40604,-10.54978,-8.64416,-7.30131,-6.31052,-5.55200,-4.95383,-4.47062,-4.07244,-3.73885,-3.45541,-3.21168,-2.99989,-2.81419,-2.65005,-2.50393,-2.37303,-2.25510,-2.14831,-2.05115,-1.96238,-1.88096
-1.80572,-1.88388,-1.96910,-2.06238,-2.16490,-2.27811,-2.40377,-2.54404,-2.70162,-2.87990,-3.08321,-3.31720,-3.58929,-3.90954,-4.29179,-4.75568,-5.32992,-6.05810,-7.00926,-8.29839,-10.12778,-12.86980,-17.18469,-23.59991,-28.11360,-23.59991,-17.18469,-12.86980,-10.12778,-8.29839,-7.00926,-6.05810,-5.32992,-4.75568,-4.29179,-3.90954,-3.58929,-3.31720,-3.08321,-2.87990,-2.70162,-2.54404,-2.40377,-2.27811,-2.16490,-2.06238,-1.96910,-1.88388,-1.80572
-1.73048,-1.80539,-1.88706,-1.97644,-2.07469,-2.18319,-2.30361,-2.43804,-2.58905,-2.75990,-2.95475,-3.17898,-3.43974,-3.74665,-4.11297,-4.55752,-5.10784,-5.80568,-6.71721,-7.95263,-9.70579,-12.33356,-16.46867,-22.61658,-26.94220,-22.61658,-16.46867,-12.33356,-9.70579,-7.95263,-6.71721,-5.80568,-5.10784,-4.55752,-4.11297,-3.74665,-3.43974,-3.17898,-2.95475,-2.75990,-2.58905,-2.43804,-2.30361,-2.18319,-2.07469,-1.97644,-1.88706,-1.80539,-1.73048
-1.65524,-1.72689,-1.80501,-1.89051,-1.98449,-2.08827,-2.20346,-2.33204,-2.47649,-2.63991,-2.82628,-3.04076,-3.29019,-3.58375,-3.93414,-4.35937,-4.88576,-5.55326,-6.42515,-7.60686,-9.28380,-11.79732,-15.75264,-21.63325,-25.77080,-21.63325,-15.75264,-11.79732,-9.28380,-7.60686,-6.42515,-5.55326,-4.88576,-4.35937,-3.93414,-3.58375,-3.29019,-3.04076,-2.82628,-2.63991,-2.47649,-2.33204,-2.20346,-2.08827,-1.98449,-1.89051,-1.80501,-1.72689,-1.65524
-1.58000,-1.64840,-1.72297,-1.80458,-1.89429,-1.99335,-2.10330,-2.22604,-2.36392,-2.51991,-2.69781,-2.90255,-3.14063,-3.42085,-3.75532,-4.16122,-4.66368,-5.30084,-6.13310,-7.26110,-8.86181,-11.26108,-15.03661,-20.64992,-24.59940,-20.64992,-15.03661,-11.26108,-8.86181,-7.26110,-6.13310,-5.30084,-4.66368,-4.16122,-3.75532,-3.42085,-3.14063,-2.90255,-2.69781,-2.51991,-2.36392,-2.22604,-2.10330,-1.99335,-1.89429,-1.80458,-1.72297,-1.64840,-1.58000
-1.50477,-1.56990,-1.64092,-1.71865,-1.80408,-1.89843,-2.00314,-2.12004,-2.25135,-2.39991,-2.56934,-2.76433,-2.99108,-3.25795,-3.57649,-3.96306,-4.44160,-5.04841,-5.84105,-6.91533,-8.43982,-10.72484,-14.32058,-19.66659,-23.42800,-19.66659,-14.32058,-10.72484,-8.43982,-6.91533,-5.84105,-5.04841,-4.44160,-3.96306,-3.57649,-3.25795,-2.99108,-2.76433,-2.56934,-2.39991,-2.25135,-2.12004,-2.00314,-1.89843,-1.80408,-1.71865,-1.64092,-1.56990,-1.50477
-1.42953,-1.49141,-1.55887,-1.63271,-1.71388,-1.80350,-1.90299,-2.01403,-2.13878,-2.27992,-2.44088,-2.62611,-2.84153,-3.09505,-3.39767,-3.76491,-4.21952,-4.79599,-5.54900,-6.56956,-8.01783,-10.18859,-13.60455,-18.68326,-22.25660,-18.68326,-13.60455,-10.18859,-8.01783,-6.56956,-5.54900,-4.79599,-4.21952,-3.76491,-3.39767,-3.09505,-2.84153,-2.62611,-2.44088,-2.27992,-2.13878,-2.01403,-1.90299,-1.80350,-1.71388,-1.63271,-1.55887,-1.49141,-1.42953
-1.35429,-1.41291,-1.47683,-1.54678,-1.62367,-1.70858,-1.80283,-1.90803,-2.02622,-2.15992,-2.31241,-2.48790,-2.69197,-2.93216,-3.21884,-3.56676,-3.99744,-4.54357,-5.25694,-6.22380,-7.59584,-9.65235,-12.88852,-17.69993,-21.08520,-17.69993,-12.88852,-9.65235,-7.59584,-6.22380,-5.25694,-4.54357,-3.99744,-3.56676,-3.21884,-2.93216,-2.69197,-2.48790,-2.31241,-2.15992,-2.02622,-1.90803,-1.80283,-1.70858,-1.62367,-1.54678,-1.47683,-1.41291,-1.35429
-1.27905,-1.33442,-1.39478,-1.46085,-1.53347,-1.61366,-1.70267,-1.80203,-1.91365,-2.03993,-2.18394,-2.34968,-2.54242,-2.76926,-3.04002,-3.36860,-3.77536,-4.29115,-4.96489,-5.87803,-7.17385,-9.11611,-12.17249,-16.71660,-19.91380,-16.71660,-12.17249,-9.11611,-7.17385,-5.87803,-4.96489,-4.29115,-3.77536,-3.36860,-3.04002,-2.76926,-2.54242,-2.34968,-2.18394,-2.03993,-1.91365,-1.80203,-1.70267,-1.61366,-1.53347,-1.46085,-1.39478,-1.33442,-1.27905
-1.20381,-1.25592,-1.31274,-1.37492,-1.44327,-1.51874,-1.60251,-1.69603,-1.80108,-1.91993,-2.05547,-2.21146,-2.39286,-2.60636,-2.86119,-3.17045,-3.55328,-4.03873,-4.67284,-5.53226,-6.75186,-8.57987,-11.45646,-15.73327,-18.74240,-15.73327,-11.45646,-8.57987,-6.75186,-5.53226,-4.67284,-4.03873,-3.55328,-3.17045,-2.86119,-2.60636,-2.39286,-2.21146,-2.05547,-1.91993,-1.80108,-1.69603,-1.60251,-1.51874,-1.44327,-1.37492,-1.31274,-1.25592,-1.20381
-1.12857,-1.17743,-1.23069,-1.28899,-1.35306,-1.42382,-1.50236,-1.59003,-1.68851,-1.79994,-1.92701,-2.07325,-2.24331,-2.44346,-2.68237,-2.97230,-3.33120,-3.78631,-4.38079,-5.18650,-6.32987,-8.04363,-10.74043,-14.74994,-17.57100,-14.74994,-10.74043,-8.04363,-6.32987,-5.18650,-4.38079,-3.78631,-3.33120,-2.97230,-2.68237,-2.44346,-2.24331,-2.07325,-1.92701,-1.79994,-1.68851,-1.59003,-1.50236,-1.42382,-1.35306,-1.28899,-1.23069,-1.17743,-1.12857
-1.05334,-1.09893,-1.14864,-1.20305,-1.26286,-1.32890,-1.40220,-1.48403,-1.57595,-1.67994,-1.79854,-1.93503,-2.09376,-2.28057,-2.50354,-2.77414,-3.10912,-3.53389,-4.08873,-4.84073,-5.90787,-7.50738,-10.02440,-13.76661,-16.39960,-13.76661,-10.02440,-7.50738,-5.90787,-4.84073,-4.08873,-3.53389,-3.10912,-2.77414,-2.50354,-2.28057,-2.09376,-1.93503,-1.79854,-1.67994,-1.57595,-1.48403,-1.40220,-1.32890,-1.26286,-1.20305,-1.14864,-1.09893,-1.05334
-0.97810,-1.02044,-1.06660,-1.11712,-1.17265,-1.23398,-1.30204,-1.37802,-1.46338,-1.55994,-1.67007,-1.79682,-1.94420,-2.11767,-2.32472,-2.57599,-2.88704,-3.28147,-3.79668,-4.49496,-5.48588,-6.97114,-9.30838,-12.78328,-15.22820,-12.78328,-9.30838,-6.97114,-5.48588,-4.49496,-3.79668,-3.28147,-2.88704,-2.57599,-2.32472,-2.11767,-1.94420,-1.79682,-1.67007,-1.55994,-1.46338,-1.37802,-1.30204,-1.23398,-1.17265,-1.11712,-1.06660,-1.02044,-0.97810
-0.90286,-0.94194,-0.98455,-1.03119,-1.08245,-1.13906,-1.20189,-1.27202,-1.35081,-1.43995,-1.54161,-1.65860,-1.79465,-1.95477,-2.14590,-2.37784,-2.66496,-3.02905,-3.50463,-4.14920,-5.06389,-6.43490,-8.59235,-11.79995,-14.05680,-11.79995,-8.59235,-6.43490,-5.06389,-4.14920,-3.50463,-3.02905,-2.66496,-2.37784,-2.14590,-1.95477,-1.79465,-1.65860,-1.54161,-1.43995,-1.35081,-1.27202,-1.20189,-1.13906,-1.08245,-1.03119,-0.98455,-0.94194,-0.90286
-0.82762,-0.86345,-0.90251,-0.94526,-0.99225,-1.04413,-1.10173,-1.16602,-1.23824,-1.31995,-1.41314,-1.52038,-1.64509,-1.79187,-1.96707,-2.17968,-2.44288,-2.77663,-3.21258,-3.80343,-4.64190,-5.89866,-7.87632,-10.81663,-12.88540,-10.81663,-7.87632,-5.89866,-4.64190,-3.80343,-3.21258,-2.77663,-2.44288,-2.17968,-1.96707,-1.79187,-1.64509,-1.52038,-1.41314,-1.31995,-1.23824,-1.16602,-1.10173,-1.04413,-0.99225,-0.94526,-0.90251,-0.86345,-0.82762
-0.75238,-0.78495,-0.82046,-0.85932,-0.90204,-0.94921,-1.00157,-1.06002,-1.12568,-1.19996,-1.28467,-1.38217,-1.49554,-1.62898,-1.78825,-1.98153,-2.22080,-2.52421,-2.92052,-3.45766,-4.21991,-5.36242,-7.16029,-9.83330,-11.71400,-9.83330,-7.16029,-5.36242,-4.21991,-3.45766,-2.92052,-2.52421,-2.22080,-1.98153,-1.78825,-1.62898,-1.49554,-1.38217,-1.28467,-1.19996,-1.12568,-1.06002,-1.00157,-0.94921,-0.90204,-0.85932,-0.82046,-0.78495,-0.75238
-0.67714,-0.70646,-0.73841,-0.77339,-0.81184,-0.85429,-0.90141,-0.95402,-1.01311,-1.07996,-1.15620,-1.24395,-1.34599,-1.46608,-1.60942,-1.78338,-1.99872,-2.27179,-2.62847,-3.11190,-3.79792,-4.82618,-6.44426,-8.84997,-10.54260,-8.84997,-6.44426,-4.82618,-3.79792,-3.11190,-2.62847,-2.27179,-1.99872,-1.78338,-1.60942,-1.46608,-1.34599,-1.24395,-1.15620,-1.07996,-1.01311,-0.95402,-0.90141,-0.85429,-0.81184,-0.77339,-0.73841,-0.70646,-0.67714
-0.60191,-0.62796,-0.65637,-0.68746,-0.72163,-0.75937,-0.80126,-0.84801,-0.90054,-0.95997,-1.02774,-1.10573,-1.19643,-1.30318,-1.43060,-1.58523,-1.77664,-2.01937,-2.33642,-2.76613,-3.37593,-4.28993,-5.72823,-7.86664,-9.37120,-7.86664,-5.72823,-4.28993,-3.37593,-2.76613,-2.33642,-2.01937,-1.77664,-1.58523,-1.43060,-1.30318,-1.19643,-1.10573,-1.02774,-0.95997,-0.90054,-0.84801,-0.80126,-0.75937,-0.72163,-0.68746,-0.65637,-0.62796,-0.60191
-0.52667,-0.54947,-0.57432,-0.60153,-0.63143,-0.66445,-0.70110,-0.74201,-0.78797,-0.83997,-0.89927,-0.96752,-1.04688,-1.14028,-1.25177,-1.38707,-1.55456,-1.76695,-2.04437,-2.42037,-2.95394,-3.75369,-5.01220,-6.88331,-8.19980,-6.88331,-5.01220,-3.75369,-2.95394,-2.42037,-2.04437,-1.76695,-1.55456,-1.38707,-1.25177,-1.14028,-1.04688,-0.96752,-0.89927,-0.83997,-0.78797,-0.74201,-0.70110,-0.66445,-0.63143,-0.60153,-0.57432,-0.54947,-0.52667
-0.45143,-0.47097,-0.49228,-0.51559,-0.54122,-0.56953,-0.60094,-0.63601,-0.67541,-0.71997,-0.77080,-0.82930,-0.89732,-0.97739,-1.07295,-1.18892,-1.33248,-1.51452,-1.75231,-2.07460,-2.53195,-3.21745,-4.29617,-5.89998,-7.02840,-5.89998,-4.29617,-3.21745,-2.53195,-2.07460,-1.75231,-1.51452,-1.33248,-1.18892,-1.07295,-0.97739,-0.89732,-0.82930,-0.77080,-0.71997,-0.67541,-0.63601,-0.60094,-0.56953,-0.54122,-0.51559,-0.49228,-0.47097,-0.45143
-0.37619,-0.39248,-0.41023,-0.42966,-0.45102,-0.47461,-0.50079,-0.53001,-0.56284,-0.59998,-0.64234,-0.69108,-0.74777,-0.81449,-0.89412,-0.99077,-1.11040,-1.26210,-1.46026,-1.72883,-2.10996,-2.68121,-3.58014,-4.91665,-5.85700,-4.91665,-3.58014,-2.68121,-2.10996,-1.72883,-1.46026,-1.26210,-1.11040,-0.99077,-0.89412,-0.81449,-0.74777,-0.69108,-0.64234,-0.59998,-0.56284,-0.53001,-0.50079,-0.47461,-0.45102,-0.42966,-0.41023,-0.39248,-0.37619
-0.30095,-0.31398,-0.32818,-0.34373,-0.36082,-0.37969,-0.40063,-0.42401,-0.45027,-0.47998,-0.51387,-0.55287,-0.59822,-0.65159,-0.71530,-0.79261,-0.88832,-1.00968,-1.16821,-1.38307,-1.68796,-2.14497,-2.86412,-3.93332,-4.68560,-3.93332,-2.86412,-2.14497,-1.68796,-1.38307,-1.16821,-1.00968,-0.88832,-0.79261,-0.71530,-0.65159,-0.59822,-0.55287,-0.51387,-0.47998,-0.45027,-0.42401,-0.40063,-0.37969,-0.36082,-0.34373,-0.32818,-0.31398,-0.30095
-0.22571,-0.23549,-0.24614,-0.25780,-0.27061,-0.28476,-0.30047,-0.31801,-0.33770,-0.35999,-0.38540,-0.41465,-0.44866,-0.48869,-0.53647,-0.59446,-0.66624,-0.75726,-0.87616,-1.03730,-1.26597,-1.60873,-2.14809,-2.94999,-3.51420,-2.94999,-2.14809,-1.60873,-1.26597,-1.03730,-0.87616,-0.75726,-0.66624,-0.59446,-0.53647,-0.48869,-0.44866,-0.41465,-0.38540,-0.35999,-0.33770,-0.31801,-0.30047,-0.28476,-0.27061,-0.25780,-0.24614,-0.23549,-0.22571
-0.15048,-0.15699,-0.16409,-0.17186,-0.18041,-0.18984,-0.20031,-0.21200,-0.22514,-0.23999,-0.25693,-0.27643,-0.29911,-0.32580,-0.35765,-0.39631,-0.44416,-0.50484,-0.58410,-0.69153,-0.84398,-1.07248,-1.43206,-1.96666,-2.34280,-1.96666,-1.43206,-1.07248,-0.84398,-0.69153,-0.58410,-0.50484,-0.44416,-0.39631,-0.35765,-0.32580,-0.29911,-0.27643,-0.25693,-0.23999,-0.22514,-0.21200,-0.20031,-0.18984,-0.18041,-0.17186,-0.16409,-0.15699,-0.15048
-0.07524,-0.07850,-0.08205,-0.08593,-0.09020,-0.09492,-0.10016,-0.10600,-0.11257,-0.12000,-0.12847,-0.13822,-0.14955,-0.16290,-0.17882,-0.19815,-0.22208,-0.25242,-0.29205,-0.34577,-0.42199,-0.53624,-0.71603,-0.98333,-1.17140,-0.98333,-0.71603,-0.53624,-0.42199,-0.34577,-0.29205,-0.25242,-0.22208,-0.19815,-0.17882,-0.16290,-0.14955,-0.13822,-0.12847,-0.12000,-0.11257,-0.10600,-0.10016,-0.09492,-0.09020,-0.08593,-0.08205,-0.07850,-0.07524
0.00000,0.00000,0.00000,0.00000,0.00000,0.00000,0.00000,0.00000,0.00000,0.00000,0.00000,0.00000,0.00000,0.00000,0.00000,0.00000,0.00000,0.00000,0.00000,0.00000,0.00000,0.00000,0.00000,0.00000,0.00000,0.00000,0.00000,0.00000,0.00000,0.00000,0.00000,0.00000,0.00000,0.00000,0.00000,0.00000,0.00000,0.00000,0.00000,0.00000,0.00000,0.00000,0.00000,0.00000,0.00000,0.00000,0.00000,0.00000,0.00000
0.07524,0.07850,0.08205,0.08593,0.09020,0.09492,0.10016,0.10600,0.11257,0.12000,0.12847,0.13822,0.14955,0.16290,0.17882,0.19815,0.22208,0.25242,0.29205,0.34577,0.42199,0.53624,0.71603,0.98333,1.17140,0.98333,0.71603,0.53624,0.42199,0.34577,0.29205,0.25242,0.22208,0.19815,0.17882,0.16290,0.14955,0.13822,0.12847,0.12000,0.11257,0.10600,0.10016,0.09492,0.09020,0.08593,0.08205,0.07850,0.07524
0.15048,0.15699,0.16409,0.17186,0.18041,0.18984,0.20031,0.21200,0.22514,0.23999,0.25693,0.27643,0.29911,0.32580,0.35765,0.39631,0.44416,0.50484,0.58410,0.69153,0.84398,1.07248,1.43206,1.96666,2.34280,1.96666,1.43206,1.07248,0.84398,0.69153,0.58410,0.50484,0.44416,0.39631,0.35765,0.32580,0.29911,0.27643,0.25693,0.23999,0.22514,0.21200,0.20031,0.18984,0.18041,0.17186,0.16409,0.15699,0.15048
0.22571,0.23549,0.24614,0.25780,0.27061,0.28476,0.30047,0.31801,0.33770,0.35999,0.38540,0.41465,0.44866,0.48869,0.53647,0.59446,0.66624,0.75726,0.87616,1.03730,1.26597,1.60873,2.14809,2.94999,3.51420,2.94999,2.14809,1.60873,1.26597,1.03730,0.87616,0.75726,0.66624,0.59446,0.53647,0.48869,0.44866,0.41465,0.38540,0.35999,0.33770,0.31801,0.30047,0.28476,0.27061,0.25780,0.24614,0.23549,0.22571
0.30095,0.31398,0.32818,0.34373,0.36082,0.37969,0.40063,0.42401,0.45027,0.47998,0.51387,0.55287,0.59822,0.65159,0.71530,0.79261,0.88832,1.00968,1.16821,1.38307,1.68796,2.14497,2.86412,3.93332,4.68560,3.93332,2.86412,2.14497,1.68796,1.38307,1.16821,1.00968,0.88832,0.79261,0.71530,0.65159,0.59822,0.55287,0.51387,0.47998,0.45027,0.42401,0.40063,0.37969,0.36082,0.34373,0.32818,0.31398,0.30095
0.37619,0.39248,0.41023,0.42966,0.45102,0.47461,0.50079,0.53001,0.56284,0.59998,0.64234,0.69108,0.74777,0.81449,0.89412,0.99077,1.11040,1.26210,1.46026,1.72883,2.10996,2.68121,3.58014,4.91665,5.85700,4.91665,3.58014,2.68121,2.10996,1.72883,1.46026,1.26210,1.11040,0.99077,0.89412,0.81449,0.74777,0.69108,0.64234,0.59998,0.56284,0.53001,0.50079,0.47461,0.45102,0.42966,0.41023,0.39248,0.37619
0.45143,0.47097,0.49228,0.51559,0.54122,0.56953,0.60094,0.63601,0.67541,0.71997,0.77080,0.82930,0.89732,0.97739,1.07295,1.18892,1.33248,1.51452,1.75231,2.07460,2.53195,3.21745,4.29617,5.89998,7.02840,5.89998,4.29617,3.21745,2.53195,2.07460,1.75231,1.51452,1.33248,1.18892,1.07295,0.97739,0.89732,0.82930,0.77080,0.71997,0.67541,0.63601,0.60094,0.56953,0.54122,0.51559,0.49228,0.47097,0.45143
0.52667,0.54947,0.57432,0.60153,0.63143,0.66445,0.70110,0.74201,0.78797,0.83997,0.89927,0.96752,1.04688,1.14028,1.25177,1.38707,1.55456,1.76695,2.04437,2.42037,2.95394,3.75369,5.01220,6.88331,8.19980,6.88331,5.01220,3.75369,2.95394,2.42037,2.04437,1.76695,1.55456,1.38707,1.25177,1.14028,1.04688,0.96752,0.89927,0.83997,0.78797,0.74201,0.70110,0.66445,0.63143,0.60153,0.57432,0.54947,0.52667
0.60191,0.62796,0.65637,0.68746,0.72163,0.75937,0.80126,0.84801,0.90054,0.95997,1.02774,1.10573,1.19643,1.30318,1.43060,1.58523,1.77664,2.01937,2.33642,2.76613,3.37593,4.28993,5.72823,7.86664,9.37120,7.86664,5.72823,4.28993,3.37593,2.76613,2.33642,2.01937,1.77664,1.58523,1.43060,1.30318,1.19643,1.10573,1.02774,0.95997,0.90054,0.84801,0.80126,0.75937,0.72163,0.68746,0.65637,0.62796,0.60191
0.67714,0.70646,0.73841,0.77339,0.81184,0.85429,0.90141,0.95402,1.01311,1.07996,1.15620,1.24395,1.34599,1.46608,1.60942,1.78338,1.99872,2.27179,2.62847,3.11190,3.79792,4.82618,6.44426,8.84997,10.54260,8.84997,6.44426,4.82618,3.79792,3.11190,2.62847,2.27179,1.99872,1.78338,1.60942,1.46608,1.34599,1.24395,1.15620,1.07996,1.01311,0.95402,0.90141,0.85429,0.81184,0.77339,0.73841,0.70646,0.67714
0.75238,0.78495,0.82046,0.85932,0.90204,0.94921,1.00157,1.06002,1.12568,1.19996,1.28467,1.38217,1.49554,1.62898,1.78825,1.98153,2.22080,2.52421,2.92052,3.45766,4.21991,5.36242,7.16029,9.83330,11.71400,9.83330,7.16029,5.36242,4.21991,3.45766,2.92052,2.52421,2.22080,1.98153,1.78825,1.62898,1.49554,1.38217,1.28467,1.19996,1.12568,1.06002,1.00157,0.94921,0.90204,0.85932,0.82046,0.78495,0.75238
0.82762,0.86345,0.90251,0.94526,0.99225,1.04413,1.10173,1.16602,1.23824,1.31995,1.41314,1.52038,1.64509,1.79187,1.96707,2.17968,2.44288,2.77663,3.21258,3.80343,4.64190,5.89866,7.87632,10.81663,12.88540,10.81663,7.87632,5.89866,4.64190,3.80343,3.21258,2.77663,2.44288,2.17968,1.96707,1.79187,1.64509,1.52038,1.41314,1.31995,1.23824,1.16602,1.10173,1.04413,0.99225,0.94526,0.90251,0.86345,0.82762
0.90286,0.94194,0.98455,1.03119,1.08245,1.13906,1.20189,1.27202,1.35081,1.43995,1.54161,1.65860,1.79465,1.95477,2.14590,2.37784,2.66496,3.02905,3.50463,4.14920,5.06389,6.43490,8.59235,11.79995,14.05680,11.79995,8.59235,6.43490,5.06389,4.14920,3.50463,3.02905,2.66496,2.37784,2.14590,1.95477,1.79465,1.65860,1.54161,1.43995,1.35081,1.27202,1.20189,1.13906,1.08245,1.03119,0.98455,0.94194,0.90286
0.97810,1.02044,1.06660,1.11712,1.17265,1.23398,1.30204,1.37802,1.46338,1.55994,1.67007,1.79682,1.94420,2.11767,2.32472,2.57599,2.88704,3.28147,3.79668,4.49496,5.48588,6.97114,9.30838,12.78328,15.22820,12.78328,9.30838,6.97114,5.48588,4.49496,3.79668,3.28147,2.88704,2.57599,2.32472,2.11767,1.94420,1.79682,1.67007,1.55994,1.46338,1.37802,1.30204,1.23398,1.17265,1.11712,1.06660,1.02044,0.97810
1.05334,1.09893,1.14864,1.20305,1.26286,1.32890,1.40220,1.48403,1.57595,1.67994,1.79854,1.93503,2.09376,2.28057,2.50354,2.77414,3.10912,3.53389,4.08873,4.84073,5.90787,7.50738,10.02440,13.76661,16.39960,13.76661,10.02440,7.50738,5.90787,4.84073,4.08873,3.53389,3.10912,2.77414,2.50354,2.28057,2.09376,1.93503,1.79854,1.67994,1.57595,1.48403,1.40220,1.32890,1.26286,1.20305,1.14864,1.09893,1.05334
1.12857,1.17743,1.23069,1.28899,1.35306,1.42382,1.50236,1.59003,1.68851,1.79994,1.92701,2.07325,2.24331,2.44346,2.68237,2.97230,3.33120,3.78631,4.38079,5.18650,6.32987,8.04363,10.74043,14.74994,17.57100,14.74994,10.74043,8.04363,6.32987,5.18650,4.38079,3.78631,3.33120,2.97230,2.68237,2.44346,2.24331,2.07325,1.92701,1.79994,1.68851,1.59003,1.50236,1.42382,1.35306,1.28899,1.23069,1.17743,1.12857
1.20381,1.25592,1.31274,1.37492,1.44327,1.51874,1.60251,1.69603,1.80108,1.91993,2.05547,2.21146,2.39286,2.60636,2.86119,3.17045,3.55328,4.03873,4.67284,5.53226,6.75186,8.57987,11.45646,15.73327,18.74240,15.73327,11.45646,8.57987,6.75186,5.53226,4.67284,4.03873,3.55328,3.17045,2.86119,2.60636,2.39286,2.21146,2.05547,1.91993,1.80108,1.69603,1.60251,1.51874,1.44327,1.37492,1.31274,1.25592,1.20381
1.27905,1.33442,1.39478,1.46085,1.53347,1.61366,1.70267,1.80203,1.91365,2.03993,2.18394,2.34968,2.54242,2.76926,3.04002,3.36860,3.77536,4.29115,4.96489,5.87803,7.17385,9.11611,12.17249,16.71660,19.91380,16.71660,12.17249,9.11611,7.17385,5.87803,4.96489,4.29115,3.77536,3.36860,3.04002,2.76926,2.54242,2.34968,2.18394,2.03993,1.91365,1.80203,1.70267,1.61366,1.53347,1.46085,1.39478,1.33442,1.27905
1.35429,1.41291,1.47683,1.54678,1.62367,1.70858,1.80283,1.90803,2.02622,2.15992,2.31241,2.48790,2.69197,2.93216,3.21884,3.56676,3.99744,4.54357,5.25694,6.22380,7.59584,9.65235,12.88852,17.69993,21.08520,17.69993,12.88852,9.65235,7.59584,6.22380,5.25694,4.54357,3.99744,3.56676,3.21884,2.93216,2.69197,2.48790,2.31241,2.15992,2.02622,1.90803,1.80283,1.70858,1.62367,1.54678,1.47683,1.41291,1.35429
1.42953,1.49141,1.55887,1.63271,1.71388,1.80350,1.90299,2.01403,2.13878,2.27992,2.44088,2.62611,2.84153,3.09505,3.39767,3.76491,4.21952,4.79599,5.54900,6.56956,8.01783,10.18859,13.60455,18.68326,22.25660,18.68326,13.60455,10.18859,8.01783,6.56956,5.54900,4.79599,4.21952,3.76491,3.39767,3.09505,2.84153,2.62611,2.44088,2.27992,2.13878,2.01403,1.90299,1.80350,1.71388,1.63271,1.55887,1.49141,1.42953
1.50477,1.56990,1.64092,1.71865,1.80408,1.89843,2.00314,2.12004,2.25135,2.39991,2.56934,2.76433,2.99108,3.25795,3.57649,3.96306,4.44160,5.04841,5.84105,6.91533,8.43982,10.72484,14.32058,19.66659,23.42800,19.66659,14.32058,10.72484,8.43982,6.91533,5.84105,5.04841,4.44160,3.96306,3.57649,3.25795,2.99108,2.76433,2.56934,2.39991,2.25135,2.12004,2.00314,1.89843,1.80408,1.71865,1.64092,1.56990,1.50477
1.58000,1.64840,1.72297,1.80458,1.89429,1.99335,2.10330,2.22604,2.36392,2.51991,2.69781,2.90255,3.14063,3.42085,3.75532,4.16122,4.66368,5.30084,6.13310,7.26110,8.86181,11.26108,15.03661,20.64992,24.59940,20.64992,15.03661,11.26108,8.86181,7.26110,6.13310,5.30084,4.66368,4.16122,3.75532,3.42085,3.14063,2.90255,2.69781,2.51991,2.36392,2.22604,2.10330,1.99335,1.89429,1.80458,1.72297,1.64840,1.58000
1.65524,1.72689,1.80501,1.89051,1.98449,2.08827,2.20346,2.33204,2.47649,2.63991,2.82628,3.04076,3.29019,3.58375,3.93414,4.35937,4.88576,5.55326,6.42515,7.60686,9.28380,11.79732,15.75264,21.63325,25.77080,21.63325,15.75264,11.79732,9.28380,7.60686,6.42515,5.55326,4.88576,4.35937,3.93414,3.58375,3.29019,3.04076,2.82628,2.63991,2.47649,2.33204,2.20346,2.08827,1.98449,1.89051,1.80501,1.72689,1.65524
1.73048,1.80539,1.88706,1.97644,2.07469,2.18319,2.30361,2.43804,2.58905,2.75990,2.95475,3.17898,3.43974,3.74665,4.11297,4.55752,5.10784,5.80568,6.71721,7.95263,9.70579,12.33356,16.46867,22.61658,26.94220,22.61658,16.46867,12.33356,9.70579,7.95263,6.71721,5.80568,5.10784,4.55752,4.11297,3.74665,3.43974,3.17898,2.95475,2.75990,2.58905,2.43804,2.30361,2.18319,2.07469,1.97644,1.88706,1.80539,1.73048
1.80572,1.88388,1.96910,2.06238,2.16490,2.27811,2.40377,2.54404,2.70162,2.87990,3.08321,3.31720,3.58929,3.90954,4.29179,4.75568,5.32992,6.05810,7.00926,8.29839,10.12778,12.86980,17.18469,23.59991,28.11360,23.59991,17.18469,12.86980,10.12778,8.29839,7.00926,6.05810,5.32992,4.75568,4.29179,3.90954,3.58929,3.31720,3.08321,2.87990,2.70162,2.54404,2.40377,2.27811,2.16490,2.06238,1.96910,1.88388,1.80572
1.88096,1.96238,2.05115,2.14831,2.25510,2.37303,2.50393,2.65005,2.81419,2.99989,3.21168,3.45541,3.73885,4.07244,4.47062,4.95383,5.55200,6.31052,7.30131,8.64416,10.54978,13.40604,17.90072,24.58324,29.28500,24.58324,17.90072,13.40604,10.54978,8.64416,7.30131,6.31052,5.55200,4.95383,4.47062,4.07244,3.73885,3.45541,3.21168,2.99989,2.81419,2.65005,2.50393,2.37303,2.25510,2.14831,2.05115,1.96238,1.88096
1.95620,2.04087,2.13320,2.23424,2.34531,2.46795,2.60409,2.75605,2.92676,3.11989,3.34015,3.59363,3.88840,4.23534,4.64944,5.15198,5.77408,6.56294,7.59336,8.98993,10.97177,13.94229,18.61675,25.56657,30.45640,25.56657,18.61675,13.94229,10.97177,8.98993,7.59336,6.56294,5.77408,5.15198,4.64944,4.23534,3.88840,3.59363,3.34015,3.11989,2.92676,2.75605,2.60409,2.46795,2.34531,2.23424,2.13320,2.04087,1.95620
2.03143,2.11937,2.21524,2.32017,2.43551,2.56287,2.70424,2.86205,3.03932,3.23989,3.46861,3.73185,4.03796,4.39824,4.82827,5.35014,5.99616,6.81536,7.88542,9.33569,11.39376,14.47853,19.33278,26.54990,31.62780,26.54990,19.33278,14.47853,11.39376,9.33569,7.88542,6.81536,5.99616,5.35014,4.82827,4.39824,4.03796,3.73185,3.46861,3.23989,3.03932,2.86205,2.70424,2.56287,2.43551,2.32017,2.21524,2.11937,2.03143
2.10667,2.19786,2.29729,2.40611,2.52572,2.65780,2.80440,2.96805,3.15189,3.35988,3.59708,3.87006,4.18751,4.56113,5.00709,5.54829,6.21824,7.06778,8.17747,9.68146,11.81575,15.01477,20.04881,27.53323,32.79920,27.53323,20.04881,15.01477,11.81575,9.68146,8.17747,7.06778,6.21824,5.54829,5.00709,4.56113,4.18751,3.87006,3.59708,3.35988,3.15189,2.96805,2.80440,2.65780,2.52572,2.40611,2.29729,2.19786,2.10667
2.18191,2.27636,2.37933,2.49204,2.61592,2.75272,2.90456,3.07405,3.26446,3.47988,3.72555,4.00828,4.33706,4.72403,5.18591,5.74644,6.44032,7.32020,8.46952,10.02723,12.23774,15.55101,20.76484,28.51656,33.97060,28.51656,20.76484,15.55101,12.23774,10.02723,8.46952,7.32020,6.44032,5.74644,5.18591,4.72403,4.33706,4.00828,3.72555,3.47988,3.26446,3.07405,2.90456,2.75272,2.61592,2.49204,2.37933,2.27636,2.18191
2.25715,2.35485,2.46138,2.57797,2.70612,2.84764,3.00471,3.18006,3.37703,3.59987,3.85402,4.14650,4.48662,4.88693,5.36474,5.94459,6.66240,7.57262,8.76157,10.37299,12.65973,16.08725,21.48087,29.49989,35.14199,29.49989,21.48087,16.08725,12.65973,10.37299,8.76157,7.57262,6.66240,5.94459,5.36474,4.88693,4.48662,4.14650,3.85402,3.59987,3.37703,3.18006,3.00471,2.84764,2.70612,2.57797,2.46138,2.35485,2.25715
2.33239,2.43335,2.54342,2.66390,2.79633,2.94256,3.10487,3.28606,3.48959,3.71987,3.98248,4.28471,4.63617,5.04983,5.54356,6.14275,6.88448,7.82504,9.05363,10.71876,13.08172,16.62350,22.19690,30.48322,36.31339,30.48322,22.19690,16.62350,13.08172,10.71876,9.05363,7.82504,6.88448,6.14275,5.54356,5.04983,4.63617,4.28471,3.98248,3.71987,3.48959,3.28606,3.10487,2.94256,2.79633,2.66390,2.54342,2.43335,2.33239
2.40763,2.51184,2.62547,2.74984,2.88653,3.03748,3.20503,3.39206,3.60216,3.83986,4.11095,4.42293,4.78573,5.21272,5.72239,6.34090,7.10656,8.07746,9.34568,11.06453,13.50371,17.15974,22.91293,31.46655,37.48479,31.46655,22.91293,17.15974,13.50371,11.06453,9.34568,8.07746,7.10656,6.34090,5.72239,5.21272,4.78573,4.42293,4.11095,3.83986,3.60216,3.39206,3.20503,3.03748,2.88653,2.74984,2.62547,2.51184,2.40763
2.48286,2.59034,2.70752,2.83577,2.97674,3.13240,3.30519,3.49806,3.71473,3.95986,4.23942,4.56115,4.93528,5.37562,5.90121,6.53905,7.32864,8.32988,9.63773,11.41029,13.92570,17.69598,23.62895,32.44988,38.65619,32.44988,23.62895,17.69598,13.92570,11.41029,9.63773,8.32988,7.32864,6.53905,5.90121,5.37562,4.93528,4.56115,4.23942,3.95986,3.71473,3.49806,3.30519,3.13240,2.97674,2.83577,2.70752,2.59034,2.48286
2.55810,2.66883,2.78956,2.92170,3.06694,3.22732,3.40534,3.60406,3.82730,4.07986,4.36788,4.69936,5.08483,5.53852,6.08004,6.73721,7.55072,8.58231,9.92978,11.75606,14.34769,18.23222,24.34498,33.43320,39.82759,33.43320,24.34498,18.23222,14.34769,11.75606,9.92978,8.58231,7.55072,6.73721,6.08004,5.53852,5.08483,4.69936,4.36788,4.07986,3.82730,3.60406,3.40534,3.22732,3.06694,2.92170,2.78956,2.66883,2.55810
2.63334,2.74733,2.87161,3.00763,3.15714,3.32225,3.50550,3.71006,3.93986,4.19985,4.49635,4.83758,5.23439,5.70142,6.25886,6.93536,7.77280,8.83473,10.22184,12.10183,14.76969,18.76846,25.06101,34.41653,40.99899,34.41653,25.06101,18.76846,14.76969,12.10183,10.22184,8.83473,7.77280,6.93536,6.25886,5.70142,5.23439,4.83758,4.49635,4.19985,3.93986,3.71006,3.50550,3.32225,3.15714,3.00763,2.87161,2.74733,2.63334
2.70858,2.82582,2.95365,3.09357,3.24735,3.41717,3.60566,3.81607,4.05243,4.31985,4.62482,4.97580,5.38394,5.86431,6.43769,7.13351,7.99488,9.08715,10.51389,12.44759,15.19168,19.30470,25.77704,35.39986,42.17039,35.39986,25.77704,19.30470,15.19168,12.44759,10.51389,9.08715,7.99488,7.13351,6.43769,5.86431,5.38394,4.97580,4.62482,4.31985,4.05243,3.81607,3.60566,3.41717,3.24735,3.09357,2.95365,2.82582,2.70858
2.78382,2.90432,3.03570,3.17950,3.33755,3.51209,3.70581,3.92207,4.16500,4.43984,4.75329,5.11401,5.53350,6.02721,6.61651,7.33167,8.21696,9.33957,10.80594,12.79336,15.61367,19.84095,26.49307,36.38319,43.34179,36.38319,26.49307,19.84095,15.61367,12.79336,10.80594,9.33957,8.21696,7.33167,6.61651,6.02721,5.53350,5.11401,4.75329,4.43984,4.16500,3.92207,3.70581,3.51209,3.33755,3.17950,3.03570,2.90432,2.78382
2.85905,2.98281,3.11775,3.26543,3.42776,3.60701,3.80597,4.02807,4.27757,4.55984,4.88175,5.25223,5.68305,6.19011,6.79534,7.52982,8.43904,9.59199,11.09799,13.13913,16.03566,20.37719,27.20910,37.36652,44.51319,37.36652,27.20910,20.37719,16.03566,13.13913,11.09799,9.59199,8.43904,7.52982,6.79534,6.19011,5.68305,5.25223,4.88175,4.55984,4.27757,4.02807,3.80597,3.60701,3.42776,3.26543,3.11775,2.98281,2.85905
2.93429,3.06131,3.19979,3.35136,3.51796,3.70193,3.90613,4.13407,4.39013,4.67983,5.01022,5.39045,5.83260,6.35301,6.97416,7.72797,8.66112,9.84441,11.39005,13.48489,16.45765,20.91343,27.92513,38.34985,45.68459,38.34985,27.92513,20.91343,16.45765,13.48489,11.39005,9.84441,8.66112,7.72797,6.97416,6.35301,5.83260,5.39045,5.01022,4.67983,4.39013,4.13407,3.90613,3.70193,3.51796,3.35136,3.19979,3.06131,2.93429
3.00953,3.13981,3.28184,3.43729,3.60816,3.79685,4.00629,4.24007,4.50270,4.79983,5.13869,5.52866,5.98216,6.51590,7.15299,7.92613,8.88320,10.09683,11.68210,13.83066,16.87964,21.44967,28.64116,39.33318,46.85599,39.33318,28.64116,21.44967,16.87964,13.83066,11.68210,10.09683,8.88320,7.92613,7.15299,6.51590,5.98216,5.52866,5.13869,4.79983,4.50270,4.24007,4.00629,3.79685,3.60816,3.43729,3.28184,3.13981,3.00953
3.08477,3.21830,3.36388,3.52323,3.69837,3.89177,4.10644,4.34608,4.61527,4.91983,5.26715,5.66688,6.13171,6.67880,7.33181,8.12428,9.10528,10.34925,11.97415,14.17642,17.30163,21.98591,29.35719,40.31651,48.02739,40.31651,29.35719,21.98591,17.30163,14.17642,11.97415,10.34925,9.10528,8.12428,7.33181,6.67880,6.13171,5.66688,5.26715,4.91983,4.61527,4.34608,4.10644,3.89177,3.69837,3.52323,3.36388,3.21830,3.08477
3.16001,3.29680,3.44593,3.60916,3.78857,3.98669,4.20660,4.45208,4.72784,5.03982,5.39562,5.80509,6.28127,6.84170,7.51063,8.32243,9.32736,10.60167,12.26620,14.52219,17.72362,22.52215,30.07321,41.29984,49.19879,41.29984,30.07321,22.52215,17.72362,14.52219,12.26620,10.60167,9.32736,8.32243,7.51063,6.84170,6.28127,5.80509,5.39562,5.03982,4.72784,4.45208,4.20660,3.98669,3.78857,3.60916,3.44593,3.29680,3.16001
3.23525,3.37529,3.52798,3.69509,3.87878,4.08162,4.30676,4.55808,4.84040,5.15982,5.52409,5.94331,6.43082,7.00460,7.68946,8.52059,9.54944,10.85409,12.55826,14.86796,18.14561,23.05840,30.78924,42.28317,50.37019,42.28317,30.78924,23.05840,18.14561,14.86796,12.55826,10.85409,9.54944,8.52059,7.68946,7.00460,6.43082,5.94331,5.52409,5.15982,4.84040,4.55808,4.30676,4.08162,3.87878,3.69509,3.52798,3.37529,3.23525
3.31048,3.45379,3.61002,3.78102,3.96898,4.17654,4.40691,4.66408,4.95297,5.27981,5.65256,6.08153,6.58037,7.16749,7.86828,8.71874,9.77152,11.10651,12.85031,15.21372,18.56760,23.59464,31.50527,43.26650,51.54159,43.26650,31.50527,23.59464,18.56760,15.21372,12.85031,11.10651,9.77152,8.71874,7.86828,7.16749,6.58037,6.08153,5.65256,5.27981,4.95297,4.66408,4.40691,4.17654,3.96898,3.78102,3.61002,3.45379,3.31048
3.38572,3.53228,3.69207,3.86696,4.05918,4.27146,4.50707,4.77008,5.06554,5.39981,5.78102,6.21974,6.72993,7.33039,8.04711,8.91689,9.99360,11.35893,13.14236,15.55949,18.98960,24.13088,32.22130,44.24983,52.71299,44.24983,32.22130,24.13088,18.98960,15.55949,13.14236,11.35893,9.99360,8.91689,8.04711,7.33039,6.72993,6.21974,5.78102,5.39981,5.06554,4.77008,4.50707,4.27146,4.05918,3.86696,3.69207,3.53228,3.38572
3.46096,3.61078,3.77411,3.95289,4.14939,4.36638,4.60723,4.87608,5.17811,5.51980,5.90949,6.35796,6.87948,7.49329,8.22593,9.11505,10.21568,11.61135,13.43441,15.90526,19.41159,24.66712,32.93733,45.23316,53.88439,45.23316,32.93733,24.66712,19.41159,15.90526,13.43441,11.61135,10.21568,9.11505,8.22593,7.49329,6.87948,6.35796,5.90949,5.51980,5.17811,4.87608,4.60723,4.36638,4.14939,3.95289,3.77411,3.61078,3.46096
3.53620,3.68927,3.85616,4.03882,4.23959,4.46130,4.70739,4.98209,5.29068,5.63980,6.03796,6.49618,7.02904,7.65619,8.40476,9.31320,10.43776,11.86378,13.72647,16.25102,19.83358,25.20336,33.65336,46.21649,55.05579,46.21649,33.65336,25.20336,19.83358,16.25102,13.72647,11.86378,10.43776,9.31320,8.40476,7.65619,7.02904,6.49618,6.03796,5.63980,5.29068,4.98209,4.70739,4.46130,4.23959,4.03882,3.85616,3.68927,3.53620
3.61144,3.76777,3.93821,4.12475,4.32980,4.55622,4.80754,5.08809,5.40324,5.75980,6.16642,6.63439,7.17859,7.81909,8.58358,9.51135,10.65984,12.11620,14.01852,16.59679,20.25557,25.73961,34.36939,47.19982,56.22719,47.19982,34.36939,25.73961,20.25557,16.59679,14.01852,12.11620,10.65984,9.51135,8.58358,7.81909,7.17859,6.63439,6.16642,5.75980,5.40324,5.08809,4.80754,4.55622,4.32980,4.12475,3.93821,3.76777,3.61144
3.68668,3.84626,4.02025,4.21069,4.42000,4.65114,4.90770,5.19409,5.51581,5.87979,6.29489,6.77261,7.32814,7.98198,8.76241,9.70951,10.88192,12.36862,14.31057,16.94256,20.67756,26.27585,35.08542,48.18315,57.39859,48.18315,35.08542,26.27585,20.67756,16.94256,14.31057,12.36862,10.88192,9.70951,8.76241,7.98198,7.32814,6.77261,6.29489,5.87979,5.51581,5.19409,4.90770,4.65114,4.42000,4.21069,4.02025,3.84626,3.68668
3.76191,3.92476,4.10230,4.29662,4.51021,4.74606,5.00786,5.30009,5.62838,5.99979,6.42336,6.91083,7.47770,8.14488,8.94123,9.90766,11.10400,12.62104,14.60262,17.28832,21.09955,26.81209,35.80145,49.16648,58.56999,49.16648,35.80145,26.81209,21.09955,17.28832,14.60262,12.62104,11.10400,9.90766,8.94123,8.14488,7.47770,6.91083,6.42336,5.99979,5.62838,5.30009,5.00786,4.74606,4.51021,4.29662,4.10230,3.92476,3.76191
3.83715,4.00325,4.18434,4.38255,4.60041,4.84099,5.10801,5.40609,5.74095,6.11978,6.55183,7.04904,7.62725,8.30778,9.12006,10.10581,11.32608,12.87346,14.89468,17.63409,21.52154,27.34833,36.51748,50.14981,59.74139,50.14981,36.51748,27.34833,21.52154,17.63409,14.89468,12.87346,11.32608,10.10581,9.12006,8.30778,7.62725,7.04904,6.55183,6.11978,5.74095,5.40609,5.10801,4.84099,4.60041,4.38255,4.18434,4.00325,3.83715
3.91239,4.08175,4.26639,4.46848,4.69061,4.93591,5.20817,5.51210,5.85351,6.23978,6.68029,7.18726,7.77681,8.47068,9.29888,10.30396,11.54816,13.12588,15.18673,17.97986,21.94353,27.88457,37.23350,51.13314,60.91279,51.13314,37.23350,27.88457,21.94353,17.97986,15.18673,13.12588,11.54816,10.30396,9.29888,8.47068,7.77681,7.18726,6.68029,6.23978,5.85351,5.51210,5.20817,4.93591,4.69061,4.46848,4.26639,4.08175,3.91239
3.98763,4.16024,4.34844,4.55442,4.78082,5.03083,5.30833,5.61810,5.96608,6.35977,6.80876,7.32548,7.92636,8.63357,9.47771,10.50212,11.77024,13.37830,15.47878,18.32562,22.36552,28.42081,37.94953,52.11647,62.08419,52.11647,37.94953,28.42081,22.36552,18.32562,15.47878,13.37830,11.77024,10.50212,9.47771,8.63357,7.92636,7.32548,6.80876,6.35977,5.96608,5.61810,5.30833,5.03083,4.78082,4.55442,4.34844,4.16024,3.98763
4.06287,4.23874,4.43048,4.64035,4.87102,5.12575,5.40849,5.72410,6.07865,6.47977,6.93723,7.46369,8.07591,8.79647,9.65653,10.70027,11.99232,13.63072,15.77083,18.67139,22.78751,28.95706,38.66556,53.09980,63.25559,53.09980,38.66556,28.95706,22.78751,18.67139,15.77083,13.63072,11.99232,10.70027,9.65653,8.79647,8.07591,7.46369,6.93723,6.47977,6.07865,5.72410,5.40849,5.12575,4.87102,4.64035,4.43048,4.23874,4.06287
4.13811,4.31723,4.51253,4.72628,4.96123,5.22067,5.50864,5.83010,6.19122,6.59977,7.06569,7.60191,8.22547,8.95937,9.83535,10.89842,12.21440,13.88314,16.06289,19.01715,23.20951,29.49330,39.38159,54.08313,64.42699,54.08313,39.38159,29.49330,23.20951,19.01715,16.06289,13.88314,12.21440,10.89842,9.83535,8.95937,8.22547,7.60191,7.06569,6.59977,6.19122,5.83010,5.50864,5.22067,4.96123,4.72628,4.51253,4.31723,4.13811
4.21334,4.39573,4.59457,4.81221,5.05143,5.31559,5.60880,5.93610,6.30378,6.71976,7.19416,7.74013,8.37502,9.12227,10.01418,11.09658,12.43648,14.13556,16.35494,19.36292,23.63150,30.02954,40.09762,55.06645,65.59839,55.06645,40.09762,30.02954,23.63150,19.36292,16.35494,14.13556,12.43648,11.09658,10.01418,9.12227,8.37502,7.74013,7.19416,6.71976,6.30378,5.93610,5.60880,5.31559,5.05143,4.81221,4.59457,4.39573,4.21334
4.28858,4.47422,4.67662,4.89814,5.14163,5.41051,5.70896,6.04210,6.41635,6.83976,7.32263,7.87834,8.52458,9.28516,10.19300,11.29473,12.65856,14.38798,16.64699,19.70869,24.05349,30.56578,40.81365,56.04978,66.76979,56.04978,40.81365,30.56578,24.05349,19.70869,16.64699,14.38798,12.65856,11.29473,10.19300,9.28516,8.52458,7.87834,7.32263,6.83976,6.41635,6.04210,5.70896,5.41051,5.14163,4.89814,4.67662,4.47422,4.28858
4.36382,4.55272,4.75867,4.98408,5.23184,5.50544,5.80912,6.14811,6.52892,6.95975,7.45110,8.01656,8.67413,9.44806,10.37183,11.49288,12.88063,14.64040,16.93904,20.05445,24.47548,31.10202,41.52968,57.03311,67.94119,57.03311,41.52968,31.10202,24.47548,20.05445,16.93904,14.64040,12.88063,11.49288,10.37183,9.44806,8.67413,8.01656,7.45110,6.95975,6.52892,6.14811,5.80912,5.50544,5.23184,4.98408,4.75867,4.55272,4.36382
4.43906,4.63121,4.84071,5.07001,5.32204,5.60036,5.90927,6.25411,6.64149,7.07975,7.57956,8.15478,8.82368,9.61096,10.55065,11.69104,13.10271,14.89282,17.23110,20.40022,24.89747,31.63827,42.24571,58.01644,69.11259,58.01644,42.24571,31.63827,24.89747,20.40022,17.23110,14.89282,13.10271,11.69104,10.55065,9.61096,8.82368,8.15478,7.57956,7.07975,6.64149,6.25411,5.90927,5.60036,5.32204,5.07001,4.84071,4.63121,4.43906
4.51430,4.70971,4.92276,5.15594,5.41225,5.69528,6.00943,6.36011,6.75405,7.19974,7.70803,8.29299,8.97324,9.77386,10.72948,11.88919,13.32479,15.14524,17.52315,20.74599,25.31946,32.17451,42.96174,58.99977,70.28399,58.99977,42.96174,32.17451,25.31946,20.74599,17.52315,15.14524,13.32479,11.88919,10.72948,9.77386,8.97324,8.29299,7.70803,7.19974,6.75405,6.36011,6.00943,5.69528,5.41225,5.15594,4.92276,4.70971,4.51430
4.58954,4.78820,5.00480,5.24187,5.50245,5.79020,6.10959,6.46611,6.86662,7.31974,7.83650,8.43121,9.12279,9.93675,10.90830,12.08734,13.54687,15.39767,17.81520,21.09175,25.74145,32.71075,43.67776,59.98310,71.45539,59.98310,43.67776,32.71075,25.74145,21.09175,17.81520,15.39767,13.54687,12.08734,10.90830,9.93675,9.12279,8.43121,7.83650,7.31974,6.86662,6.46611,6.10959,5.79020,5.50245,5.24187,5.00480,4.78820,4.58954
4.66477,4.86670,5.08685,5.32781,5.59265,5.88512,6.20974,6.57211,6.97919,7.43974,7.96497,8.56943,9.27235,10.09965,11.08713,12.28550,13.76895,15.65009,18.10725,21.43752,26.16344,33.24699,44.39379,60.96643,72.62679,60.96643,44.39379,33.24699,26.16344,21.43752,18.10725,15.65009,13.76895,12.28550,11.08713,10.09965,9.27235,8.56943,7.96497,7.43974,6.97919,6.57211,6.20974,5.88512,5.59265,5.32781,5.08685,4.86670,4.66477
4.74001,4.94519,5.16890,5.41374,5.68286,5.98004,6.30990,6.67812,7.09176,7.55973,8.09343,8.70764,9.42190,10.26255,11.26595,12.48365,13.99103,15.90251,18.39931,21.78329,26.58543,33.78323,45.10982,61.94976,73.79819,61.94976,45.10982,33.78323,26.58543,21.78329,18.39931,15.90251,13.99103,12.48365,11.26595,10.26255,9.42190,8.70764,8.09343,7.55973,7.09176,6.67812,6.30990,5.98004,5.68286,5.41374,5.16890,4.94519,4.74001
4.81525,5.02369,5.25094,5.49967,5.77306,6.07496,6.41006,6.78412,7.20432,7.67973,8.22190,8.84586,9.57145,10.42545,11.44478,12.68180,14.21311,16.15493,18.69136,22.12905,27.00743,34.31947,45.82585,62.93309,74.96959,62.93309,45.82585,34.31947,27.00743,22.12905,18.69136,16.15493,14.21311,12.68180,11.44478,10.42545,9.57145,8.84586,8.22190,7.67973,7.20432,6.78412,6.41006,6.07496,5.77306,5.49967,5.25094,5.02369,4.81525
4.89049,5.10218,5.33299,5.58560,5.86327,6.16988,6.51022,6.89012,7.31689,7.79972,8.35037,8.98408,9.72101,10.58834,11.62360,12.87996,14.43519,16.40735,18.98341,22.47482,27.42942,34.85572,46.54188,63.91642,76.14099,63.91642,46.54188,34.85572,27.42942,22.47482,18.98341,16.40735,14.43519,12.87996,11.62360,10.58834,9.72101,8.98408,8.35037,7.79972,7.31689,6.89012,6.51022,6.16988,5.86327,5.58560,5.33299,5.10218,4.89049
4.96573,5.18068,5.41503,5.67154,5.95347,6.26481,6.61037,6.99612,7.42946,7.91972,8.47883,9.12229,9.87056,10.75124,11.80243,13.07811,14.65727,16.65977,19.27546,22.82059,27.85141,35.39196,47.25791,64.89975,77.31239,64.89975,47.25791,35.39196,27.85141,22.82059,19.27546,16.65977,14.65727,13.07811,11.80243,10.75124,9.87056,9.12229,8.47883,7.91972,7.42946,6.99612,6.61037,6.26481,5.95347,5.67154,5.41503,5.18068,4.96573
5.04097,5.25917,5.49708,5.75747,6.04368,6.35973,6.71053,7.10212,7.54203,8.03972,8.60730,9.26051,10.02012,10.91414,11.98125,13.27626,14.87935,16.91219,19.56752,23.16635,28.27340,35.92820,47.97394,65.88308,78.48379,65.88308,47.97394,35.92820,28.27340,23.16635,19.56752,16.91219,14.87935,13.27626,11.98125,10.91414,10.02012,9.26051,8.60730,8.03972,7.54203,7.10212,6.71053,6.35973,6.04368,5.75747,5.49708,5.25917,5.04097
5.11620,5.33767,5.57913,5.84340,6.13388,6.45465,6.81069,7.20812,7.65459,8.15971,8.73577,9.39872,10.16967,11.07704,12.16007,13.47442,15.10143,17.16461,19.85957,23.51212,28.69539,36.46444,48.68997,66.86641,79.65519,66.86641,48.68997,36.46444,28.69539,23.51212,19.85957,17.16461,15.10143,13.47442,12.16007,11.07704,10.16967,9.39872,8.73577,8.15971,7.65459,7.20812,6.81069,6.45465,6.13388,5.84340,5.57913,5.33767,5.11620
5.19144,5.41616,5.66117,5.92933,6.22408,6.54957,6.91084,7.31413,7.76716,8.27971,8.86424,9.53694,10.31922,11.23994,12.33890,13.67257,15.32351,17.41703,20.15162,23.85788,29.11738,37.00068,49.40600,67.84974,80.82659,67.84974,49.40600,37.00068,29.11738,23.85788,20.15162,17.41703,15.32351,13.67257,12.33890,11.23994,10.31922,9.53694,8.86424,8.27971,7.76716,7.31413,6.91084,6.54957,6.22408,5.92933,5.66117,5.41616,5.19144
5.26668,5.49466,5.74322,6.01527,6.31429,6.64449,7.01100,7.42013,7.87973,8.39970,8.99270,9.67516,10.46878,11.40283,12.51772,13.87072,15.54559,17.66945,20.44367,24.20365,29.53937,37.53692,50.12202,68.83307,81.99799,68.83307,50.12202,37.53692,29.53937,24.20365,20.44367,17.66945,15.54559,13.87072,12.51772,11.40283,10.46878,9.67516,8.99270,8.39970,7.87973,7.42013,7.01100,6.64449,6.31429,6.01527,5.74322,5.49466,5.26668
5.34192,5.57315,5.82526,6.10120,6.40449,6.73941,7.11116,7.52613,7.99230,8.51970,9.12117,9.81337,10.61833,11.56573,12.69655,14.06887,15.76767,17.92187,20.73573,24.54942,29.96136,38.07317,50.83805,69.81640,83.16939,69.81640,50.83805,38.07317,29.96136,24.54942,20.73573,17.92187,15.76767,14.06887,12.69655,11.56573,10.61833,9.81337,9.12117,8.51970,7.99230,7.52613,7.11116,6.73941,6.40449,6.10120,5.82526,5.57315,5.34192
5.41716,5.65165,5.90731,6.18713,6.49470,6.83433,7.21132,7.63213,8.10486,8.63969,9.24964,9.95159,10.76788,11.72863,12.87537,14.26703,15.98975,18.17429,21.02778,24.89518,30.38335,38.60941,51.55408,70.79973,84.34079,70.79973,51.55408,38.60941,30.38335,24.89518,21.02778,18.17429,15.98975,14.26703,12.87537,11.72863,10.76788,9.95159,9.24964,8.63969,8.10486,7.63213,7.21132,6.83433,6.49470,6.18713,5.90731,5.65165,5.41716
5.49239,5.73014,5.98936,6.27306,6.58490,6.92925,7.31147,7.73813,8.21743,8.75969,9.37810,10.08981,10.91744,11.89153,13.05420,14.46518,16.21183,18.42671,21.31983,25.24095,30.80534,39.14565,52.27011,71.78306,85.51219,71.78306,52.27011,39.14565,30.80534,25.24095,21.31983,18.42671,16.21183,14.46518,13.05420,11.89153,10.91744,10.08981,9.37810,8.75969,8.21743,7.73813,7.31147,6.92925,6.58490,6.27306,5.98936,5.73014,5.49239
5.56763,5.80864,6.07140,6.35900,6.67510,7.02418,7.41163,7.84414,8.33000,8.87969,9.50657,10.22802,11.06699,12.05442,13.23302,14.66333,16.43391,18.67914,21.61188,25.58672,31.22734,39.68189,52.98614,72.76639,86.68359,72.76639,52.98614,39.68189,31.22734,25.58672,21.61188,18.67914,16.43391,14.66333,13.23302,12.05442,11.06699,10.22802,9.50657,8.87969,8.33000,7.84414,7.41163,7.02418,6.67510,6.35900,6.07140,5.80864,5.56763
5.64287,5.88713,6.15345,6.44493,6.76531,7.11910,7.51179,7.95014,8.44257,8.99968,9.63504,10.36624,11.21655,12.21732,13.41185,14.86149,16.65599,18.93156,21.90394,25.93248,31.64933,40.21813,53.70217,73.74972,87.85499,73.74972,53.70217,40.21813,31.64933,25.93248,21.90394,18.93156,16.65599,14.86149,13.41185,12.21732,11.21655,10.36624,9.63504,8.99968,8.44257,7.95014,7.51179,7.11910,6.76531,6.44493,6.15345,5.88713,5.64287
5.71811,5.96563,6.23549,6.53086,6.85551,7.21402,7.61194,8.05614,8.55513,9.11968,9.76351,10.50446,11.36610,12.38022,13.59067,15.05964,16.87807,19.18398,22.19599,26.27825,32.07132,40.75438,54.41820,74.73305,89.02639,74.73305,54.41820,40.75438,32.07132,26.27825,22.19599,19.18398,16.87807,15.05964,13.59067,12.38022,11.36610,10.50446,9.76351,9.11968,8.55513,8.05614,7.61194,7.21402,6.85551,6.53086,6.23549,5.96563,5.71811
5.79335,6.04412,6.31754,6.61679,6.94572,7.30894,7.71210,8.16214,8.66770,9.23967,9.89197,10.64267,11.51565,12.54312,13.76950,15.25779,17.10015,19.43640,22.48804,26.62402,32.49331,41.29062,55.13423,75.71638,90.19779,75.71638,55.13423,41.29062,32.49331,26.62402,22.48804,19.43640,17.10015,15.25779,13.76950,12.54312,11.51565,10.64267,9.89197,9.23967,8.66770,8.16214,7.71210,7.30894,6.94572,6.61679,6.31754,6.04412,5.79335
5.86859,6.12262,6.39959,6.70272,7.03592,7.40386,7.81226,8.26814,8.78027,9.35967,10.02044,10.78089,11.66521,12.70601,13.94832,15.45595,17.32223,19.68882,22.78009,26.96978,32.91530,41.82686,55.85026,76.69971,91.36919,76.69971,55.85026,41.82686,32.91530,26.96978,22.78009,19.68882,17.32223,15.45595,13.94832,12.70601,11.66521,10.78089,10.02044,9.35967,8.78027,8.26814,7.81226,7.40386,7.03592,6.70272,6.39959,6.12262,5.86859
5.94382,6.20112,6.48163,6.78866,7.12612,7.49878,7.91242,8.37415,8.89284,9.47966,10.14891,10.91911,11.81476,12.86891,14.12715,15.65410,17.54431,19.94124,23.07215,27.31555,33.33729,42.36310,56.56629,77.68303,92.54059,77.68303,56.56629,42.36310,33.33729,27.31555,23.07215,19.94124,17.54431,15.65410,14.12715,12.86891,11.81476,10.91911,10.14891,9.47966,8.89284,8.37415,7.91242,7.49878,7.12612,6.78866,6.48163,6.20112,5.94382
6.01906,6.27961,6.56368,6.87459,7.21633,7.59370,8.01257,8.48015,9.00540,9.59966,10.27737,11.05732,11.96432,13.03181,14.30597,15.85225,17.76639,20.19366,23.36420,27.66132,33.75928,42.89934,57.28231,78.66636,93.71199,78.66636,57.28231,42.89934,33.75928,27.66132,23.36420,20.19366,17.76639,15.85225,14.30597,13.03181,11.96432,11.05732,10.27737,9.59966,9.00540,8.48015,8.01257,7.59370,7.21633,6.87459,6.56368,6.27961,6.01906
6.09430,6.35811,6.64572,6.96052,7.30653,7.68862,8.11273,8.58615,9.11797,9.71966,10.40584,11.19554,12.11387,13.19471,14.48480,16.05041,17.98847,20.44608,23.65625,28.00708,34.18127,43.43558,57.99834,79.64969,94.88339,79.64969,57.99834,43.43558,34.18127,28.00708,23.65625,20.44608,17.98847,16.05041,14.48480,13.19471,12.11387,11.19554,10.40584,9.71966,9.11797,8.58615,8.11273,7.68862,7.30653,6.96052,6.64572,6.35811,6.09430
6.16954,6.43660,6.72777,7.04645,7.39674,7.78355,8.21289,8.69215,9.23054,9.83965,10.53431,11.33376,12.26342,13.35760,14.66362,16.24856,18.21055,20.69850,23.94830,28.35285,34.60326,43.97183,58.71437,80.63302,96.05479,80.63302,58.71437,43.97183,34.60326,28.35285,23.94830,20.69850,18.21055,16.24856,14.66362,13.35760,12.26342,11.33376,10.53431,9.83965,9.23054,8.69215,8.21289,7.78355,7.39674,7.04645,6.72777,6.43660,6.16954
6.24478,6.51510,6.80982,7.13239,7.48694,7.87847,8.31304,8.79815,9.34311,9.95965,10.66278,11.47197,12.41298,13.52050,14.84244,16.44671,18.43263,20.95092,24.24036,28.69862,35.02525,44.50807,59.43040,81.61635,97.22619,81.61635,59.43040,44.50807,35.02525,28.69862,24.24036,20.95092,18.43263,16.44671,14.84244,13.52050,12.41298,11.47197,10.66278,9.95965,9.34311,8.79815,8.31304,7.87847,7.48694,7.13239,6.80982,6.51510,6.24478
6.32002,6.59359,6.89186,7.21832,7.57715,7.97339,8.41320,8.90415,9.45567,10.07964,10.79124,11.61019,12.56253,13.68340,15.02127,16.64487,18.65471,21.20334,24.53241,29.04438,35.44725,45.04431,60.14643,82.59968,98.39759,82.59968,60.14643,45.04431,35.44725,29.04438,24.53241,21.20334,18.65471,16.64487,15.02127,13.68340,12.56253,11.61019,10.79124,10.07964,9.45567,8.90415,8.41320,7.97339,7.57715,7.21832,6.89186,6.59359,6.32002
6.39525,6.67209,6.97391,7.30425,7.66735,8.06831,8.51336,9.01016,9.56824,10.19964,10.91971,11.74841,12.71209,13.84630,15.20009,16.84302,18.87679,21.45576,24.82446,29.39015,35.86924,45.58055,60.86246,83.58301,99.56899,83.58301,60.86246,45.58055,35.86924,29.39015,24.82446,21.45576,18.87679,16.84302,15.20009,13.84630,12.71209,11.74841,10.91971,10.19964,9.56824,9.01016,8.51336,8.06831,7.66735,7.30425,6.97391,6.67209,6.39525
6.47049,6.75058,7.05595,7.39018,7.75755,8.16323,8.61352,9.11616,9.68081,10.31963,11.04818,11.88662,12.86164,14.00919,15.37892,17.04117,19.09887,21.70818,25.11651,29.73591,36.29123,46.11679,61.57849,84.56634,100.74039,84.56634,61.57849,46.11679,36.29123,29.73591,25.11651,21.70818,19.09887,17.04117,15.37892,14.00919,12.86164,11.88662,11.04818,10.31963,9.68081,9.11616,8.61352,8.16323,7.75755,7.39018,7.05595,6.75058,6.47049
6.54573,6.82908,7.13800,7.47612,7.84776,8.25815,8.71367,9.22216,9.79338,10.43963,11.17664,12.02484,13.01119,14.17209,15.55774,17.23933,19.32095,21.96060,25.40857,30.08168,36.71322,46.65304,62.29452,85.54967,101.91179,85.54967,62.29452,46.65304,36.71322,30.08168,25.40857,21.96060,19.32095,17.23933,15.55774,14.17209,13.01119,12.02484,11.17664,10.43963,9.79338,9.22216,8.71367,8.25815,7.84776,7.47612,7.13800,6.82908,6.54573
6.62097,6.90757,7.22004,7.56205,7.93796,8.35307,8.81383,9.32816,9.90594,10.55963,11.30511,12.16306,13.16075,14.33499,15.73657,17.43748,19.54303,22.21303,25.70062,30.42745,37.13521,47.18928,63.01055,86.53300,103.08319,86.53300,63.01055,47.18928,37.13521,30.42745,25.70062,22.21303,19.54303,17.43748,15.73657,14.33499,13.16075,12.16306,11.30511,10.55963,9.90594,9.32816,8.81383,8.35307,7.93796,7.56205,7.22004,6.90757,6.62097
6.69621,6.98607,7.30209,7.64798,8.02817,8.44800,8.91399,9.43416,10.01851,10.67962,11.43358,12.30127,13.31030,14.49789,15.91539,17.63563,19.76511,22.46545,25.99267,30.77321,37.55720,47.72552,63.72657,87.51633,104.25458,87.51633,63.72657,47.72552,37.55720,30.77321,25.99267,22.46545,19.76511,17.63563,15.91539,14.49789,13.31030,12.30127,11.43358,10.67962,10.01851,9.43416,8.91399,8.44800,8.02817,7.64798,7.30209,6.98607,6.69621
6.77145,7.06456,7.38414,7.73391,8.11837,8.54292,9.01414,9.54017,10.13108,10.79962,11.56205,12.43949,13.45986,14.66078,16.09422,17.83378,19.98719,22.71787,26.28472,31.11898,37.97919,48.26176,64.44260,88.49966,105.42598,88.49966,64.44260,48.26176,37.97919,31.11898,26.28472,22.71787,19.98719,17.83378,16.09422,14.66078,13.45986,12.43949,11.56205,10.79962,10.13108,9.54017,9.01414,8.54292,8.11837,7.73391,7.38414,7.06456,6.77145
6.84668,7.14306,7.46618,7.81985,8.20857,8.63784,9.11430,9.64617,10.24365,10.91961,11.69051,12.57771,13.60941,14.82368,16.27304,18.03194,20.20927,22.97029,26.57678,31.46475,38.40118,48.79800,65.15863,89.48299,106.59738,89.48299,65.15863,48.79800,38.40118,31.46475,26.57678,22.97029,20.20927,18.03194,16.27304,14.82368,13.60941,12.57771,11.69051,10.91961,10.24365,9.64617,9.11430,8.63784,8.20857,7.81985,7.46618,7.14306,6.84668
6.92192,7.22155,7.54823,7.90578,8.29878,8.73276,9.21446,9.75217,10.35622,11.03961,11.81898,12.71592,13.75896,14.98658,16.45187,18.23009,20.43135,23.22271,26.86883,31.81051,38.82317,49.33424,65.87466,90.46632,107.76878,90.46632,65.87466,49.33424,38.82317,31.81051,26.86883,23.22271,20.43135,18.23009,16.45187,14.98658,13.75896,12.71592,11.81898,11.03961,10.35622,9.75217,9.21446,8.73276,8.29878,7.90578,7.54823,7.22155,6.92192
6.99716,7.30005,7.63027,7.99171,8.38898,8.82768,9.31462,9.85817,10.46878,11.15960,11.94745,12.85414,13.90852,15.14948,16.63069,18.42824,20.65343,23.47513,27.16088,32.15628,39.24516,49.87049,66.59069,91.44965,108.94018,91.44965,66.59069,49.87049,39.24516,32.15628,27.16088,23.47513,20.65343,18.42824,16.63069,15.14948,13.90852,12.85414,11.94745,11.15960,10.46878,9.85817,9.31462,8.82768,8.38898,7.99171,7.63027,7.30005,6.99716
7.07240,7.37854,7.71232,8.07764,8.47919,8.92260,9.41477,9.96417,10.58135,11.27960,12.07592,12.99235,14.05807,15.31238,16.80952,18.62640,20.87551,23.72755,27.45293,32.50205,39.66716,50.40673,67.30672,92.43298,110.11158,92.43298,67.30672,50.40673,39.66716,32.50205,27.45293,23.72755,20.87551,18.62640,16.80952,15.31238,14.05807,12.99235,12.07592,11.27960,10.58135,9.96417,9.41477,8.92260,8.47919,8.07764,7.71232,7.37854,7.07240
7.14764,7.45704,7.79437,8.16357,8.56939,9.01752,9.51493,10.07017,10.69392,11.39960,12.20438,13.13057,14.20763,15.47527,16.98834,18.82455,21.09759,23.97997,27.74499,32.84781,40.08915,50.94297,68.02275,93.41631,111.28298,93.41631,68.02275,50.94297,40.08915,32.84781,27.74499,23.97997,21.09759,18.82455,16.98834,15.47527,14.20763,13.13057,12.20438,11.39960,10.69392,10.07017,9.51493,9.01752,8.56939,8.16357,7.79437,7.45704,7.14764
7.22288,7.53553,7.87641,8.24951,8.65959,9.11244,9.61509,10.17618,10.80649,11.51959,12.33285,13.26879,14.35718,15.63817,17.16716,19.02270,21.31967,24.23239,28.03704,33.19358,40.51114,51.47921,68.73878,94.39964,112.45438,94.39964,68.73878,51.47921,40.51114,33.19358,28.03704,24.23239,21.31967,19.02270,17.16716,15.63817,14.35718,13.26879,12.33285,11.51959,10.80649,10.17618,9.61509,9.11244,8.65959,8.24951,7.87641,7.53553,7.22288
7.29811,7.61403,7.95846,8.33544,8.74980,9.20737,9.71524,10.28218,10.91905,11.63959,12.46132,13.40700,14.50673,15.80107,17.34599,19.22086,21.54175,24.48481,28.32909,33.53935,40.93313,52.01545,69.45481,95.38297,113.62578,95.38297,69.45481,52.01545,40.93313,33.53935,28.32909,24.48481,21.54175,19.22086,17.34599,15.80107,14.50673,13.40700,12.46132,11.63959,10.91905,10.28218,9.71524,9.20737,8.74980,8.33544,7.95846,7.61403,7.29811
7.37335,7.69252,8.04050,8.42137,8.84000,9.30229,9.81540,10.38818,11.03162,11.75958,12.58978,13.54522,14.65629,15.96397,17.52481,19.41901,21.76383,24.73723,28.62114,33.88511,41.35512,52.55169,70.17083,96.36630,114.79718,96.36630,70.17083,52.55169,41.35512,33.88511,28.62114,24.73723,21.76383,19.41901,17.52481,15.96397,14.65629,13.54522,12.58978,11.75958,11.03162,10.38818,9.81540,9.30229,8.84000,8.42137,8.04050,7.69252,7.37335
7.44859,7.77102,8.12255,8.50730,8.93021,9.39721,9.91556,10.49418,11.14419,11.87958,12.71825,13.68344,14.80584,16.12686,17.70364,19.61716,21.98591,24.98965,28.91320,34.23088,41.77711,53.08794,70.88686,97.34963,115.96858,97.34963,70.88686,53.08794,41.77711,34.23088,28.91320,24.98965,21.98591,19.61716,17.70364,16.12686,14.80584,13.68344,12.71825,11.87958,11.14419,10.49418,9.91556,9.39721,8.93021,8.50730,8.12255,7.77102,7.44859
7.52383,7.84951,8.20460,8.59324,9.02041,9.49213,10.01572,10.60018,11.25676,11.99957,12.84672,13.82165,14.95540,16.28976,17.88246,19.81532,22.20799,25.24207,29.20525,34.57664,42.19910,53.62418,71.60289,98.33296,117.13998,98.33296,71.60289,53.62418,42.19910,34.57664,29.20525,25.24207,22.20799,19.81532,17.88246,16.28976,14.95540,13.82165,12.84672,11.99957,11.25676,10.60018,10.01572,9.49213,9.02041,8.59324,8.20460,7.84951,7.52383
7.59907,7.92801,8.28664,8.67917,9.11062,9.58705,10.11587,10.70619,11.36932,12.11957,12.97519,13.95987,15.10495,16.45266,18.06129,20.01347,22.43007,25.49450,29.49730,34.92241,42.62109,54.16042,72.31892,99.31628,118.31138,99.31628,72.31892,54.16042,42.62109,34.92241,29.49730,25.49450,22.43007,20.01347,18.06129,16.45266,15.10495,13.95987,12.97519,12.11957,11.36932,10.70619,10.11587,9.58705,9.11062,8.67917,8.28664,7.92801,7.59907
7.67430,8.00650,8.36869,8.76510,9.20082,9.68197,10.21603,10.81219,11.48189,12.23957,13.10365,14.09809,15.25450,16.61556,18.24011,20.21162,22.65215,25.74692,29.78935,35.26818,43.04308,54.69666,73.03495,100.29961,119.48278,100.29961,73.03495,54.69666,43.04308,35.26818,29.78935,25.74692,22.65215,20.21162,18.24011,16.61556,15.25450,14.09809,13.10365,12.23957,11.48189,10.81219,10.21603,9.68197,9.20082,8.76510,8.36869,8.00650,7.67430
7.74954,8.08500,8.45073,8.85103,9.29102,9.77689,10.31619,10.91819,11.59446,12.35956,13.23212,14.23630,15.40406,16.77845,18.41894,20.40978,22.87423,25.99934,30.08141,35.61394,43.46507,55.23290,73.75098,101.28294,120.65418,101.28294,73.75098,55.23290,43.46507,35.61394,30.08141,25.99934,22.87423,20.40978,18.41894,16.77845,15.40406,14.23630,13.23212,12.35956,11.59446,10.91819,10.31619,9.77689,9.29102,8.85103,8.45073,8.08500,7.74954
7.82478,8.16349,8.53278,8.93697,9.38123,9.87181,10.41634,11.02419,11.70703,12.47956,13.36059,14.37452,15.55361,16.94135,18.59776,20.60793,23.09631,26.25176,30.37346,35.95971,43.88707,55.76915,74.46701,102.26627,121.82558,102.26627,74.46701,55.76915,43.88707,35.95971,30.37346,26.25176,23.09631,20.60793,18.59776,16.94135,15.55361,14.37452,13.36059,12.47956,11.70703,11.02419,10.41634,9.87181,9.38123,8.93697,8.53278,8.16349,7.82478
7.90002,8.24199,8.61483,9.02290,9.47143,9.96674,10.51650,11.13019,11.81959,12.59955,13.48905,14.51274,15.70317,17.10425,18.77659,20.80608,23.31839,26.50418,30.66551,36.30548,44.30906,56.30539,75.18304,103.24960,122.99698,103.24960,75.18304,56.30539,44.30906,36.30548,30.66551,26.50418,23.31839,20.80608,18.77659,17.10425,15.70317,14.51274,13.48905,12.59955,11.81959,11.13019,10.51650,9.96674,9.47143,9.02290,8.61483,8.24199,7.90002
7.97526,8.32048,8.69687,9.10883,9.56164,10.06166,10.61666,11.23619,11.93216,12.71955,13.61752,14.65095,15.85272,17.26715,18.95541,21.00424,23.54047,26.75660,30.95756,36.65124,44.73105,56.84163,75.89907,104.23293,124.16838,104.23293,75.89907,56.84163,44.73105,36.65124,30.95756,26.75660,23.54047,21.00424,18.95541,17.26715,15.85272,14.65095,13.61752,12.71955,11.93216,11.23619,10.61666,10.06166,9.56164,9.10883,8.69687,8.32048,7.97526
8.05050,8.39898,8.77892,9.19476,9.65184,10.15658,10.71682,11.34220,12.04473,12.83955,13.74599,14.78917,16.00227,17.43004,19.13424,21.20239,23.76255,27.00902,31.24962,36.99701,45.15304,57.37787,76.61510,105.21626,125.33978,105.21626,76.61510,57.37787,45.15304,36.99701,31.24962,27.00902,23.76255,21.20239,19.13424,17.43004,16.00227,14.78917,13.74599,12.83955,12.04473,11.34220,10.71682,10.15658,9.65184,9.19476,8.77892,8.39898,8.05050
8.12573,8.47747,8.86096,9.28070,9.74204,10.25150,10.81697,11.44820,12.15730,12.95954,13.87446,14.92739,16.15183,17.59294,19.31306,21.40054,23.98463,27.26144,31.54167,37.34278,45.57503,57.91411,77.33112,106.19959,126.51118,106.19959,77.33112,57.91411,45.57503,37.34278,31.54167,27.26144,23.98463,21.40054,19.31306,17.59294,16.15183,14.92739,13.87446,12.95954,12.15730,11.44820,10.81697,10.25150,9.74204,9.28070,8.86096,8.47747,8.12573
8.20097,8.55597,8.94301,9.36663,9.83225,10.34642,10.91713,11.55420,12.26986,13.07954,14.00292,15.06560,16.30138,17.75584,19.49188,21.59869,24.20671,27.51386,31.83372,37.68854,45.99702,58.45035,78.04715,107.18292,127.68258,107.18292,78.04715,58.45035,45.99702,37.68854,31.83372,27.51386,24.20671,21.59869,19.49188,17.75584,16.30138,15.06560,14.00292,13.07954,12.26986,11.55420,10.91713,10.34642,9.83225,9.36663,8.94301,8.55597,8.20097
8.27621,8.63446,9.02506,9.45256,9.92245,10.44134,11.01729,11.66020,12.38243,13.19953,14.13139,15.20382,16.45094,17.91874,19.67071,21.79685,24.42879,27.76628,32.12577,38.03431,46.41901,58.98660,78.76318,108.16625,128.85398,108.16625,78.76318,58.98660,46.41901,38.03431,32.12577,27.76628,24.42879,21.79685,19.67071,17.91874,16.45094,15.20382,14.13139,13.19953,12.38243,11.66020,11.01729,10.44134,9.92245,9.45256,9.02506,8.63446,8.27621
8.35145,8.71296,9.10710,9.53849,10.01266,10.53626,11.11744,11.76620,12.49500,13.31953,14.25986,15.34204,16.60049,18.08163,19.84953,21.99500,24.65087,28.01870,32.41783,38.38008,46.84100,59.52284,79.47921,109.14958,130.02538,109.14958,79.47921,59.52284,46.84100,38.38008,32.41783,28.01870,24.65087,21.99500,19.84953,18.08163,16.60049,15.34204,14.25986,13.31953,12.49500,11.76620,11.11744,10.53626,10.01266,9.53849,9.10710,8.71296,8.35145
8.42669,8.79145,9.18915,9.62442,10.10286,10.63118,11.21760,11.87221,12.60757,13.43952,14.38832,15.48025,16.75004,18.24453,20.02836,22.19315,24.87295,28.27112,32.70988,38.72584,47.26299,60.05908,80.19524,110.13291,131.19678,110.13291,80.19524,60.05908,47.26299,38.72584,32.70988,28.27112,24.87295,22.19315,20.02836,18.24453,16.75004,15.48025,14.38832,13.43952,12.60757,11.87221,11.21760,10.63118,10.10286,9.62442,9.18915,8.79145,8.42669
8.50193,8.86995,9.27119,9.71036,10.19306,10.72611,11.31776,11.97821,12.72013,13.55952,14.51679,15.61847,16.89960,18.40743,20.20718,22.39131,25.09503,28.52354,33.00193,39.07161,47.68498,60.59532,80.91127,111.11624,132.36818,111.11624,80.91127,60.59532,47.68498,39.07161,33.00193,28.52354,25.09503,22.39131,20.20718,18.40743,16.89960,15.61847,14.51679,13.55952,12.72013,11.97821,11.31776,10.72611,10.19306,9.71036,9.27119,8.86995,8.50193
8.57716,8.94844,9.35324,9.79629,10.28327,10.82103,11.41792,12.08421,12.83270,13.67952,14.64526,15.75669,17.04915,18.57033,20.38601,22.58946,25.31711,28.77597,33.29398,39.41738,48.10698,61.13156,81.62730,112.09957,133.53958,112.09957,81.62730,61.13156,48.10698,39.41738,33.29398,28.77597,25.31711,22.58946,20.38601,18.57033,17.04915,15.75669,14.64526,13.67952,12.83270,12.08421,11.41792,10.82103,10.28327,9.79629,9.35324,8.94844,8.57716
8.65240,9.02694,9.43529,9.88222,10.37347,10.91595,11.51807,12.19021,12.94527,13.79951,14.77373,15.89490,17.19870,18.73323,20.56483,22.78761,25.53919,29.02839,33.58604,39.76314,48.52897,61.66781,82.34333,113.08290,134.71098,113.08290,82.34333,61.66781,48.52897,39.76314,33.58604,29.02839,25.53919,22.78761,20.56483,18.73323,17.19870,15.89490,14.77373,13.79951,12.94527,12.19021,11.51807,10.91595,10.37347,9.88222,9.43529,9.02694,8.65240
8.72764,9.10543,9.51733,9.96815,10.46368,11.01087,11.61823,12.29621,13.05784,13.91951,14.90219,16.03312,17.34826,18.89612,20.74366,22.98577,25.76127,29.28081,33.87809,40.10891,48.95096,62.20405,83.05936,114.06623,135.88238,114.06623,83.05936,62.20405,48.95096,40.10891,33.87809,29.28081,25.76127,22.98577,20.74366,18.89612,17.34826,16.03312,14.90219,13.91951,13.05784,12.29621,11.61823,11.01087,10.46368,9.96815,9.51733,9.10543,8.72764
8.80288,9.18393,9.59938,10.05409,10.55388,11.10579,11.71839,12.40222,13.17040,14.03950,15.03066,16.17134,17.49781,19.05902,20.92248,23.18392,25.98335,29.53323,34.17014,40.45467,49.37295,62.74029,83.77538,115.04956,137.05378,115.04956,83.77538,62.74029,49.37295,40.45467,34.17014,29.53323,25.98335,23.18392,20.92248,19.05902,17.49781,16.17134,15.03066,14.03950,13.17040,12.40222,11.71839,11.10579,10.55388,10.05409,9.59938,9.18393,8.80288
8.87812,9.26243,9.68142,10.14002,10.64408,11.20071,11.81854,12.50822,13.28297,14.15950,15.15913,16.30955,17.64737,19.22192,21.10131,23.38207,26.20543,29.78565,34.46219,40.80044,49.79494,63.27653,84.49141,116.03289,138.22518,116.03289,84.49141,63.27653,49.79494,40.80044,34.46219,29.78565,26.20543,23.38207,21.10131,19.22192,17.64737,16.30955,15.15913,14.15950,13.28297,12.50822,11.81854,11.20071,10.64408,10.14002,9.68142,9.26243,8.87812
8.95336,9.34092,9.76347,10.22595,10.73429,11.29563,11.91870,12.61422,13.39554,14.27949,15.28759,16.44777,17.79692,19.38482,21.28013,23.58023,26.42751,30.03807,34.75425,41.14621,50.21693,63.81277,85.20744,117.01622,139.39658,117.01622,85.20744,63.81277,50.21693,41.14621,34.75425,30.03807,26.42751,23.58023,21.28013,19.38482,17.79692,16.44777,15.28759,14.27949,13.39554,12.61422,11.91870,11.29563,10.73429,10.22595,9.76347,9.34092,8.95336
9.02859,9.41942,9.84552,10.31188,10.82449,11.39056,12.01886,12.72022,13.50811,14.39949,15.41606,16.58598,17.94647,19.54771,21.45896,23.77838,26.64959,30.29049,35.04630,41.49197,50.63892,64.34901,85.92347,117.99955,140.56798,117.99955,85.92347,64.34901,50.63892,41.49197,35.04630,30.29049,26.64959,23.77838,21.45896,19.54771,17.94647,16.58598,15.41606,14.39949,13.50811,12.72022,12.01886,11.39056,10.82449,10.31188,9.84552,9.41942,9.02859
9.10383,9.49791,9.92756,10.39782,10.91470,11.48548,12.11902,12.82622,13.62067,14.51949,15.54453,16.72420,18.09603,19.71061,21.63778,23.97653,26.87167,30.54291,35.33835,41.83774,51.06091,64.88526,86.63950,118.98288,141.73938,118.98288,86.63950,64.88526,51.06091,41.83774,35.33835,30.54291,26.87167,23.97653,21.63778,19.71061,18.09603,16.72420,15.54453,14.51949,13.62067,12.82622,12.11902,11.48548,10.91470,10.39782,9.92756,9.49791,9.10383
9.17907,9.57641,10.00961,10.48375,11.00490,11.58040,12.21917,12.93222,13.73324,14.63948,15.67300,16.86242,18.24558,19.87351,21.81660,24.17469,27.09375,30.79533,35.63040,42.18351,51.48290,65.42150,87.35553,119.96621,142.91078,119.96621,87.35553,65.42150,51.48290,42.18351,35.63040,30.79533,27.09375,24.17469,21.81660,19.87351,18.24558,16.86242,15.67300,14.63948,13.73324,12.93222,12.21917,11.58040,11.00490,10.48375,10.00961,9.57641,9.17907
9.25431,9.65490,10.09165,10.56968,11.09511,11.67532,12.31933,13.03823,13.84581,14.75948,15.80146,17.00063,18.39514,20.03641,21.99543,24.37284,27.31583,31.04775,35.92246,42.52927,51.90490,65.95774,88.07156,120.94953,144.08218,120.94953,88.07156,65.95774,51.90490,42.52927,35.92246,31.04775,27.31583,24.37284,21.99543,20.03641,18.39514,17.00063,15.80146,14.75948,13.84581,13.03823,12.31933,11.67532,11.09511,10.56968,10.09165,9.65490,9.25431
9.32955,9.73340,10.17370,10.65561,11.18531,11.77024,12.41949,13.14423,13.95838,14.87947,15.92993,17.13885,18.54469,20.19930,22.17425,24.57099,27.53791,31.30017,36.21451,42.87504,52.32689,66.49398,88.78759,121.93286,145.25358,121.93286,88.78759,66.49398,52.32689,42.87504,36.21451,31.30017,27.53791,24.57099,22.17425,20.19930,18.54469,17.13885,15.92993,14.87947,13.95838,13.14423,12.41949,11.77024,11.18531,10.65561,10.17370,9.73340,9.32955
9.40479,9.81189,10.25575,10.74155,11.27551,11.86516,12.51964,13.25023,14.07094,14.99947,16.05840,17.27707,18.69424,20.36220,22.35308,24.76915,27.75999,31.55259,36.50656,43.22081,52.74888,67.03022,89.50362,122.91619,146.42498,122.91619,89.50362,67.03022,52.74888,43.22081,36.50656,31.55259,27.75999,24.76915,22.35308,20.36220,18.69424,17.27707,16.05840,14.99947,14.07094,13.25023,12.51964,11.86516,11.27551,10.74155,10.25575,9.81189,9.40479
9.48002,9.89039,10.33779,10.82748,11.36572,11.96008,12.61980,13.35623,14.18351,15.11946,16.18686,17.41528,18.84380,20.52510,22.53190,24.96730,27.98207,31.80501,36.79861,43.56657,53.17087,67.56646,90.21964,123.89952,147.59638,123.89952,90.21964,67.56646,53.17087,43.56657,36.79861,31.80501,27.98207,24.96730,22.53190,20.52510,18.84380,17.41528,16.18686,15.11946,14.18351,13.35623,12.61980,11.96008,11.36572,10.82748,10.33779,9.89039,9.48002
9.55526,9.96888,10.41984,10.91341,11.45592,12.05500,12.71996,13.46223,14.29608,15.23946,16.31533,17.55350,18.99335,20.68800,22.71073,25.16545,28.20415,32.05743,37.09067,43.91234,53.59286,68.10271,90.93567,124.88285,148.76778,124.88285,90.93567,68.10271,53.59286,43.91234,37.09067,32.05743,28.20415,25.16545,22.71073,20.68800,18.99335,17.55350,16.31533,15.23946,14.29608,13.46223,12.71996,12.05500,11.45592,10.91341,10.41984,9.96888,9.55526
